protein,length,shape,status
A0FGR8,921,921x1024,generated
A0MZ66,631,631x1024,generated
A1L0T0,632,632x1024,generated
A2A3N6,862,862x1024,generated
A2AJT9,711,711x1024,generated
A2RRP1,2371,2371x1024,generated
A2RTX5,802,802x1024,generated
A3KMH1,1905,exists,exists
A3KN83,1393,exists,exists
A4D1E9,387,exists,exists
A5D8V6,355,exists,exists
A5PLN9,417,exists,exists
A5YKK6,2376,exists,exists
A6NCE7,125,exists,exists
A6NCI4,1184,exists,exists
A6ND36,823,exists,exists
A6NDG6,321,exists,exists
A6NDU8,294,exists,exists
A6NHX0,329,exists,exists
A6NKD9,419,exists,exists
A6NKH3,93,exists,exists
A6NM62,1247,exists,exists
A8MWD9,76,exists,exists
A9UHW6,222,exists,exists
B5ME19,914,exists,exists
B7ZAQ6,455,exists,exists
E9PAV3,2078,exists,exists
O00116,658,exists,exists
O00151,329,exists,exists
O00161,211,exists,exists
O00193,183,exists,exists
O00203,1094,exists,exists
O00217,210,exists,exists
O00220,468,exists,exists
O00231,422,exists,exists
O00232,456,exists,exists
O00233,223,exists,exists
O00244,68,exists,exists
O00267,1087,exists,exists
O00303,357,exists,exists
O00330,501,exists,exists
O00399,190,exists,exists
O00401,505,exists,exists
O00411,1230,exists,exists
O00422,153,exists,exists
O00442,366,exists,exists
O00443,1686,exists,exists
O00459,728,exists,exists
O00461,696,exists,exists
O00471,708,exists,exists
O00483,81,exists,exists
O00487,310,exists,exists
O00499,593,exists,exists
O00507,2555,exists,exists
O00541,588,exists,exists
O00560,298,exists,exists
O00566,681,exists,exists
O00567,594,exists,exists
O00571,662,exists,exists
O00592,558,exists,exists
O00625,290,exists,exists
O00762,179,exists,exists
O00763,2458,exists,exists
O00764,312,exists,exists
O00767,359,exists,exists
O14497,2285,exists,exists
O14530,226,exists,exists
O14545,582,exists,exists
O14548,114,exists,exists
O14561,156,exists,exists
O14562,309,exists,exists
O14579,308,exists,exists
O14602,144,exists,exists
O14617,1153,exists,exists
O14639,778,exists,exists
O14647,1828,exists,exists
O14656,332,exists,exists
O14727,1248,exists,exists
O14730,519,exists,exists
O14737,125,exists,exists
O14744,637,exists,exists
O14745,358,exists,exists
O14757,476,exists,exists
O14776,1098,exists,exists
O14777,642,exists,exists
O14802,1390,exists,exists
O14874,412,exists,exists
O14880,152,exists,exists
O14904,365,exists,exists
O14907,124,exists,exists
O14908,333,exists,exists
O14925,209,exists,exists
O14936,926,exists,exists
O14950,172,exists,exists
O14964,777,exists,exists
O14974,1030,exists,exists
O14975,620,exists,exists
O14979,420,exists,exists
O14980,1071,exists,exists
O14981,1849,exists,exists
O15020,2390,exists,exists
O15031,1838,exists,exists
O15042,1029,exists,exists
O15066,747,exists,exists
O15067,1338,exists,exists
O15078,2479,exists,exists
O15084,1053,exists,exists
O15091,583,exists,exists
O15116,133,exists,exists
O15121,323,exists,exists
O15143,372,exists,exists
O15144,300,exists,exists
O15145,178,exists,exists
O15160,346,exists,exists
O15162,318,exists,exists
O15173,223,exists,exists
O15212,129,exists,exists
O15213,610,exists,exists
O15226,690,exists,exists
O15260,269,exists,exists
O15269,473,exists,exists
O15270,562,exists,exists
O15294,1046,exists,exists
O15305,246,exists,exists
O15355,546,exists,exists
O15357,1258,exists,exists
O15371,548,exists,exists
O15372,352,exists,exists
O15400,261,exists,exists
O15479,319,exists,exists
O15498,198,exists,exists
O15541,343,exists,exists
O15554,427,exists,exists
O43148,476,exists,exists
O43156,1089,exists,exists
O43172,522,exists,exists
O43175,533,exists,exists
O43181,175,exists,exists
O43242,534,exists,exists
O43252,624,exists,exists
O43264,779,exists,exists
O43290,800,exists,exists
O43292,621,exists,exists
O43310,598,exists,exists
O43314,1243,exists,exists
O43318,606,exists,exists
O43324,174,exists,exists
O43345,1280,exists,exists
O43347,362,exists,exists
O43353,540,exists,exists
O43390,633,exists,exists
O43395,683,exists,exists
O43396,289,exists,exists
O43399,206,exists,exists
O43427,364,exists,exists
O43491,1005,exists,exists
O43505,415,exists,exists
O43513,233,exists,exists
O43583,198,exists,exists
O43592,962,exists,exists
O43598,174,exists,exists
O43615,452,exists,exists
O43660,514,exists,exists
O43663,620,exists,exists
O43670,478,exists,exists
O43674,189,exists,exists
O43677,76,exists,exists
O43681,348,exists,exists
O43707,911,exists,exists
O43716,136,exists,exists
O43719,755,exists,exists
O43739,400,exists,exists
O43747,822,exists,exists
O43752,255,exists,exists
O43765,313,exists,exists
O43768,121,exists,exists
O43776,548,exists,exists
O43795,1136,exists,exists
O43805,119,exists,exists
O43809,227,exists,exists
O43818,475,exists,exists
O43823,692,exists,exists
O43837,385,exists,exists
O43861,1147,exists,exists
O43896,1103,exists,exists
O43913,435,exists,exists
O60216,631,exists,exists
O60239,455,exists,exists
O60244,1454,exists,exists
O60264,1052,exists,exists
O60271,1321,exists,exists
O60287,2271,exists,exists
O60293,1989,exists,exists
O60306,1485,exists,exists
O60313,960,exists,exists
O60333,1816,exists,exists
O60341,852,exists,exists
O60343,1298,exists,exists
O60437,1756,exists,exists
O60443,496,exists,exists
O60493,162,exists,exists
O60502,916,exists,exists
O60503,1353,exists,exists
O60518,1105,exists,exists
O60524,1076,exists,exists
O60547,372,exists,exists
O60563,726,exists,exists
O60566,1050,exists,exists
O60568,738,exists,exists
O60610,1272,exists,exists
O60678,531,exists,exists
O60701,494,exists,exists
O60716,968,exists,exists
O60739,113,exists,exists
O60762,260,exists,exists
O60763,962,exists,exists
O60826,627,exists,exists
O60828,265,exists,exists
O60832,514,exists,exists
O60841,1220,exists,exists
O60869,148,exists,exists
O60870,393,exists,exists
O60884,412,exists,exists
O60885,1362,exists,exists
O60888,179,exists,exists
O60921,280,exists,exists
O60925,122,exists,exists
O60934,754,exists,exists
O75027,752,exists,exists
O75063,409,exists,exists
O75083,606,exists,exists
O75094,1523,exists,exists
O75116,1388,exists,exists
O75127,700,exists,exists
O75131,537,exists,exists
O75143,517,exists,exists
O75145,1194,exists,exists
O75146,1068,exists,exists
O75150,1001,exists,exists
O75152,810,exists,exists
O75153,1309,exists,exists
O75155,1236,exists,exists
O75157,780,exists,exists
O75165,2243,exists,exists
O75175,753,exists,exists
O75179,2603,exists,exists
O75190,326,exists,exists
O75191,536,exists,exists
O75208,318,exists,exists
O75223,188,exists,exists
O75306,463,exists,exists
O75312,459,exists,exists
O75323,286,exists,exists
O75330,724,exists,exists
O75334,1257,exists,exists
O75347,108,exists,exists
O75348,118,exists,exists
O75351,444,exists,exists
O75368,114,exists,exists
O75380,124,exists,exists
O75390,466,exists,exists
O75391,227,exists,exists
O75400,957,exists,exists
O75410,805,exists,exists
O75419,566,exists,exists
O75420,1035,exists,exists
O75436,327,exists,exists
O75439,489,exists,exists
O75446,220,exists,exists
O75448,989,exists,exists
O75459,146,exists,exists
O75475,530,exists,exists
O75477,348,exists,exists
O75486,317,exists,exists
O75496,209,exists,exists
O75521,394,exists,exists
O75526,392,exists,exists
O75531,89,exists,exists
O75533,1304,exists,exists
O75534,798,exists,exists
O75554,376,exists,exists
O75643,2136,exists,exists
O75663,272,exists,exists
O75665,1012,exists,exists
O75674,476,exists,exists
O75683,361,exists,exists
O75694,1391,exists,exists
O75695,350,exists,exists
O75717,1129,exists,exists
O75718,401,exists,exists
O75746,678,exists,exists
O75787,350,exists,exists
O75792,299,exists,exists
O75794,336,exists,exists
O75818,363,exists,exists
O75821,320,exists,exists
O75822,258,exists,exists
O75832,226,exists,exists
O75844,475,exists,exists
O75934,225,exists,exists
O75937,253,exists,exists
O75940,238,exists,exists
O75947,161,exists,exists
O75964,103,exists,exists
O76003,335,exists,exists
O76021,490,exists,exists
O76094,671,exists,exists
O94760,285,exists,exists
O94776,668,exists,exists
O94804,968,exists,exists
O94822,1766,exists,exists
O94826,608,exists,exists
O94874,794,exists,exists
O94888,489,exists,exists
O94906,941,exists,exists
O94925,669,exists,exists
O94966,1318,exists,exists
O94979,1220,exists,exists
O94992,359,exists,exists
O95049,919,exists,exists
O95070,293,exists,exists
O95081,481,exists,exists
O95104,1147,exists,exists
O95140,757,exists,exists
O95155,1302,exists,exists
O95163,1332,exists,exists
O95166,117,exists,exists
O95182,113,exists,exists
O95197,1032,exists,exists
O95202,739,exists,exists
O95218,330,exists,exists
O95232,432,exists,exists
O95235,890,exists,exists
O95251,611,exists,exists
O95267,797,exists,exists
O95295,136,exists,exists
O95299,355,exists,exists
O95319,508,exists,exists
O95347,1197,exists,exists
O95361,564,exists,exists
O95363,451,exists,exists
O95373,1038,exists,exists
O95376,493,exists,exists
O95379,198,exists,exists
O95394,542,exists,exists
O95433,338,exists,exists
O95453,639,exists,exists
O95456,288,exists,exists
O95466,1100,exists,exists
O95470,568,exists,exists
O95478,260,exists,exists
O95487,1268,exists,exists
O95573,720,exists,exists
O95602,1720,exists,exists
O95619,227,exists,exists
O95630,424,exists,exists
O95674,445,exists,exists
O95684,399,exists,exists
O95707,220,exists,exists
O95721,258,exists,exists
O95749,300,exists,exists
O95782,977,exists,exists
O95801,387,exists,exists
O95816,211,exists,exists
O95819,1239,exists,exists
O95831,613,exists,exists
O95861,308,exists,exists
O95900,331,exists,exists
O95922,423,exists,exists
O95985,862,exists,exists
O96005,669,exists,exists
P00367,558,exists,exists
P00374,187,exists,exists
P00390,522,exists,exists
P00414,261,exists,exists
P00441,154,exists,exists
P00491,289,exists,exists
P00505,430,exists,exists
P00533,1210,exists,exists
P00558,417,exists,exists
P00966,412,exists,exists
P02545,664,exists,exists
P02786,760,exists,exists
P02794,183,exists,exists
P04040,527,exists,exists
P04075,364,exists,exists
P04080,98,exists,exists
P04179,222,exists,exists
P04181,439,exists,exists
P04183,234,exists,exists
P04406,335,exists,exists
P04632,268,exists,exists
P04792,205,exists,exists
P04818,313,exists,exists
P04843,607,exists,exists
P04844,631,exists,exists
P04920,1241,exists,exists
P05026,303,exists,exists
P05114,100,exists,exists
P05141,298,exists,exists
P05187,535,exists,exists
P05198,315,exists,exists
P05387,115,exists,exists
P05388,317,exists,exists
P05455,408,exists,exists
P05556,798,exists,exists
P05783,430,exists,exists
P06213,1382,exists,exists
P06280,429,exists,exists
P06454,111,exists,exists
P06576,529,exists,exists
P06733,434,exists,exists
P06737,847,exists,exists
P06744,558,exists,exists
P06748,294,exists,exists
P06753,285,exists,exists
P07099,455,exists,exists
P07195,334,exists,exists
P07237,508,exists,exists
P07305,194,exists,exists
P07311,99,exists,exists
P07339,412,exists,exists
P07384,714,exists,exists
P07737,140,exists,exists
P07741,180,exists,exists
P07814,1512,exists,exists
P07858,339,exists,exists
P07910,306,exists,exists
P07942,1786,exists,exists
P07954,510,exists,exists
P08047,785,exists,exists
P08133,673,exists,exists
P08174,381,exists,exists
P08183,1280,exists,exists
P08240,638,exists,exists
P08243,561,exists,exists
P08397,361,exists,exists
P08559,390,exists,exists
P08621,437,exists,exists
P08651,508,exists,exists
P08708,135,exists,exists
P08865,295,exists,exists
P09001,348,exists,exists
P09012,282,exists,exists
P09038,288,exists,exists
P09132,144,exists,exists
P09211,210,exists,exists
P09234,159,exists,exists
P09382,135,exists,exists
P09496,248,exists,exists
P09543,421,exists,exists
P09622,509,exists,exists
P09661,255,exists,exists
P09874,1014,exists,exists
P09884,1462,exists,exists
P09960,611,exists,exists
P0C7P0,127,exists,exists
P0C7P4,283,exists,exists
P0CG48,685,exists,exists
P0DJ07,73,exists,exists
P0DMU7,189,exists,exists
P0DPB6,133,exists,exists
P10155,538,exists,exists
P10321,366,exists,exists
P10515,647,exists,exists
P10606,129,exists,exists
P10620,155,exists,exists
P10644,381,exists,exists
P10768,282,exists,exists
P10809,573,exists,exists
P10909,449,exists,exists
P11047,1609,exists,exists
P11117,423,exists,exists
P11166,492,exists,exists
P11172,480,exists,exists
P11177,359,exists,exists
P11233,206,exists,exists
P11310,421,exists,exists
P11387,765,exists,exists
P11413,515,exists,exists
P11498,1178,exists,exists
P11717,2491,exists,exists
P11766,374,exists,exists
P11831,508,exists,exists
P11908,318,exists,exists
P12004,261,exists,exists
P12081,509,exists,exists
P12107,1806,exists,exists
P12268,514,exists,exists
P12270,2363,exists,exists
P12694,445,exists,exists
P12955,493,exists,exists
P12956,609,exists,exists
P13010,732,exists,exists
P13051,313,exists,exists
P13073,169,exists,exists
P13284,250,exists,exists
P13489,461,exists,exists
P13639,858,exists,exists
P13667,645,exists,exists
P13674,534,exists,exists
P13693,172,exists,exists
P13797,630,exists,exists
P13804,333,exists,exists
P13807,737,exists,exists
P13984,249,exists,exists
P13987,128,exists,exists
P13995,350,exists,exists
P14174,115,exists,exists
P14209,185,exists,exists
P14314,528,exists,exists
P14317,486,exists,exists
P14324,419,exists,exists
P14550,325,exists,exists
P14625,803,exists,exists
P14635,433,exists,exists
P14678,240,exists,exists
P14735,1019,exists,exists
P14854,86,exists,exists
P14866,589,exists,exists
P14868,501,exists,exists
P15056,766,exists,exists
P15311,586,exists,exists
P15328,257,exists,exists
P15374,230,exists,exists
P15408,326,exists,exists
P15529,392,exists,exists
P15531,152,exists,exists
P15559,274,exists,exists
P15735,406,exists,exists
P15880,293,exists,exists
P15927,270,exists,exists
P16070,742,exists,exists
P16152,277,exists,exists
P16278,677,exists,exists
P16401,226,exists,exists
P16435,677,exists,exists
P16591,822,exists,exists
P16615,1042,exists,exists
P16989,372,exists,exists
P17096,107,exists,exists
P17252,672,exists,exists
P17480,764,exists,exists
P17568,137,exists,exists
P17612,351,exists,exists
P17676,345,exists,exists
P17812,591,exists,exists
P17987,556,exists,exists
P18031,435,exists,exists
P18074,760,exists,exists
P18077,110,exists,exists
P18124,248,exists,exists
P18206,1134,exists,exists
P18583,2426,exists,exists
P18621,184,exists,exists
P18669,254,exists,exists
P18754,421,exists,exists
P18858,919,exists,exists
P19174,1290,exists,exists
P19338,710,exists,exists
P19367,917,exists,exists
P19404,249,exists,exists
P19440,569,exists,exists
P19525,551,exists,exists
P19532,575,exists,exists
P20042,333,exists,exists
P20226,339,exists,exists
P20290,206,exists,exists
P20585,1137,exists,exists
P20618,241,exists,exists
P20645,277,exists,exists
P20674,150,exists,exists
P20810,708,exists,exists
P21127,795,exists,exists
P21266,225,exists,exists
P21281,511,exists,exists
P21283,382,exists,exists
P21291,193,exists,exists
P21912,280,exists,exists
P21926,228,exists,exists
P21953,392,exists,exists
P21964,271,exists,exists
P22033,750,exists,exists
P22059,807,exists,exists
P22087,321,exists,exists
P22090,263,exists,exists
P22102,1010,exists,exists
P22234,425,exists,exists
P22307,547,exists,exists
P22314,1058,exists,exists
P22413,925,exists,exists
P22695,453,exists,exists
P22830,423,exists,exists
P23142,703,exists,exists
P23193,301,exists,exists
P23229,1130,exists,exists
P23246,707,exists,exists
P23381,471,exists,exists
P23396,243,exists,exists
P23497,879,exists,exists
P23511,347,exists,exists
P23528,166,exists,exists
P23588,611,exists,exists
P23763,118,exists,exists
P23786,658,exists,exists
P23919,212,exists,exists
P23921,792,exists,exists
P24001,234,exists,exists
P24539,256,exists,exists
P24666,158,exists,exists
P24752,427,exists,exists
P24928,1970,exists,exists
P25098,689,exists,exists
P25205,808,exists,exists
P25325,297,exists,exists
P25398,132,exists,exists
P25440,801,exists,exists
P25490,414,exists,exists
P25705,553,exists,exists
P25786,263,exists,exists
P25788,255,exists,exists
P25789,261,exists,exists
P26006,1051,exists,exists
P26196,483,exists,exists
P26232,953,exists,exists
P26358,1616,exists,exists
P26368,475,exists,exists
P26373,211,exists,exists
P26374,656,exists,exists
P26447,101,exists,exists
P26640,1264,exists,exists
P26641,437,exists,exists
P27105,288,exists,exists
P27144,223,exists,exists
P27361,379,exists,exists
P27694,616,exists,exists
P27695,318,exists,exists
P27707,260,exists,exists
P27708,2225,exists,exists
P27797,417,exists,exists
P27816,1152,exists,exists
P27824,592,exists,exists
P28062,276,exists,exists
P28070,264,exists,exists
P28072,239,exists,exists
P28288,659,exists,exists
P28331,727,exists,exists
P28340,1107,exists,exists
P28702,533,exists,exists
P28715,1186,exists,exists
P28838,519,exists,exists
P29083,439,exists,exists
P29084,291,exists,exists
P29144,1249,exists,exists
P29401,623,exists,exists
P29692,281,exists,exists
P29966,332,exists,exists
P29992,359,exists,exists
P30040,261,exists,exists
P30041,224,exists,exists
P30044,214,exists,exists
P30047,84,exists,exists
P30049,168,exists,exists
P30050,165,exists,exists
P30084,290,exists,exists
P30085,196,exists,exists
P30086,187,exists,exists
P30414,1462,exists,exists
P30419,496,exists,exists
P30519,316,exists,exists
P30520,456,exists,exists
P30533,357,exists,exists
P30566,484,exists,exists
P30613,574,exists,exists
P30622,1438,exists,exists
P30740,379,exists,exists
P30876,1174,exists,exists
P31040,664,exists,exists
P31150,447,exists,exists
P31153,395,exists,exists
P31323,418,exists,exists
P31350,389,exists,exists
P31751,481,exists,exists
P31937,336,exists,exists
P31939,592,exists,exists
P31943,449,exists,exists
P31948,543,exists,exists
P31949,105,exists,exists
P32121,409,exists,exists
P32320,146,exists,exists
P32780,548,exists,exists
P32929,405,exists,exists
P32969,192,exists,exists
P33316,252,exists,exists
P33527,1531,exists,exists
P33552,79,79x1024,generated
P33897,745,exists,exists
P33991,863,exists,exists
P33992,734,exists,exists
P33993,719,exists,exists
P34897,504,exists,exists
P34913,555,exists,exists
P34949,423,exists,exists
P35222,781,exists,exists
P35244,121,exists,exists
P35249,363,exists,exists
P35250,354,exists,exists
P35251,1148,exists,exists
P35268,128,exists,exists
P35269,517,exists,exists
P35270,261,exists,exists
P35527,623,exists,exists
P35573,1532,exists,exists
P35606,906,exists,exists
P35610,550,exists,exists
P35613,385,exists,exists
P35658,2090,exists,exists
P35659,375,exists,exists
P35813,382,exists,exists
P35914,325,exists,exists
P36405,182,exists,exists
P36507,400,exists,exists
P36542,298,exists,exists
P36543,226,exists,exists
P36578,427,exists,exists
P36776,959,exists,exists
P36871,562,exists,exists
P36897,503,exists,exists
P36954,125,exists,exists
P36957,453,exists,exists
P37108,136,exists,exists
P37198,522,exists,exists
P37235,193,exists,exists
P37268,417,exists,exists
P37837,337,exists,exists
P38117,255,exists,exists
P38435,758,exists,exists
P38606,617,exists,exists
P38646,679,exists,exists
P38919,411,exists,exists
P39019,145,exists,exists
P39748,380,exists,exists
P39880,1505,exists,exists
P40123,477,exists,exists
P40222,546,exists,exists
P40227,531,exists,exists
P40429,203,exists,exists
P40763,770,exists,exists
P40818,1118,exists,exists
P40925,334,exists,exists
P40926,338,exists,exists
P40938,356,exists,exists
P40939,763,exists,exists
P41091,472,exists,exists
P41208,172,exists,exists
P41227,235,exists,exists
P41236,205,exists,exists
P41247,253,exists,exists
P41250,739,exists,exists
P41252,1262,exists,exists
P41743,596,exists,exists
P42126,302,exists,exists
P42166,694,exists,exists
P42285,1042,exists,exists
P42345,2549,exists,exists
P42356,2102,2102x1024,generated
P42566,896,exists,exists
P42677,84,exists,exists
P42684,1182,exists,exists
P42704,1394,exists,exists
P42766,123,exists,exists
P42773,168,exists,exists
P42898,656,exists,exists
P43034,410,exists,exists
P43121,646,exists,exists
P43155,626,exists,exists
P43243,847,exists,exists
P43246,934,exists,exists
P43304,727,exists,exists
P43490,491,exists,exists
P43897,325,exists,exists
P45378,269,exists,exists
P45880,294,exists,exists
P45973,191,exists,exists
P45974,858,exists,exists
P46060,587,exists,exists
P46063,649,exists,exists
P46087,812,exists,exists
P46108,304,exists,exists
P46199,727,exists,exists
P46379,1132,exists,exists
P46459,744,exists,exists
P46736,316,exists,exists
P46776,148,exists,exists
P46777,297,exists,exists
P46778,160,exists,exists
P46779,137,exists,exists
P46781,194,exists,exists
P46782,204,exists,exists
P46926,289,exists,exists
P46934,1319,exists,exists
P46937,504,exists,exists
P46940,1657,exists,exists
P47712,749,exists,exists
P47755,286,exists,exists
P47897,775,exists,exists
P47914,159,exists,exists
P48047,213,exists,exists
P48147,710,exists,exists
P48200,963,exists,exists
P48444,511,exists,exists
P48449,732,exists,exists
P48507,274,exists,exists
P48509,253,exists,exists
P48553,1259,exists,exists
P48556,350,exists,exists
P48634,2157,exists,exists
P48637,474,exists,exists
P48643,541,exists,exists
P48651,473,exists,exists
P48723,471,exists,exists
P48729,337,exists,exists
P48735,452,exists,exists
P48739,271,exists,exists
P48960,835,exists,exists
P49023,591,exists,exists
P49207,117,exists,exists
P49247,311,exists,exists
P49257,510,exists,exists
P49321,788,exists,exists
P49327,2511,exists,exists
P49418,695,exists,exists
P49419,539,exists,exists
P49458,86,exists,exists
P49585,367,exists,exists
P49589,748,exists,exists
P49591,514,exists,exists
P49641,1150,exists,exists
P49642,420,exists,exists
P49643,509,exists,exists
P49662,377,exists,exists
P49711,727,exists,exists
P49720,205,exists,exists
P49721,201,exists,exists
P49736,904,exists,exists
P49748,655,exists,exists
P49750,2146,exists,exists
P49753,483,exists,exists
P49754,854,exists,exists
P49755,219,exists,exists
P49756,843,exists,exists
P49770,351,exists,exists
P49773,126,exists,exists
P49790,1475,exists,exists
P49821,464,exists,exists
P49902,561,exists,exists
P49903,392,exists,exists
P49914,203,exists,exists
P49915,693,exists,exists
P49916,1009,exists,exists
P49959,708,exists,exists
P50135,292,exists,exists
P50402,254,exists,exists
P50416,773,exists,exists
P50443,739,exists,exists
P50454,418,exists,exists
P50502,369,exists,exists
P50542,639,exists,exists
P50548,548,exists,exists
P50552,380,exists,exists
P50579,478,exists,exists
P50747,726,exists,exists
P50748,2209,exists,exists
P50914,215,exists,exists
P50990,548,exists,exists
P50995,505,exists,exists
P51003,745,exists,exists
P51116,673,exists,exists
P51149,207,exists,exists
P51398,398,exists,exists
P51452,185,exists,exists
P51532,1647,exists,exists
P51570,392,exists,exists
P51572,246,exists,exists
P51580,245,exists,exists
P51610,2035,exists,exists
P51648,485,exists,exists
P51649,535,exists,exists
P51659,736,exists,exists
P51665,324,exists,exists
P51784,963,exists,exists
P51809,220,exists,exists
P51970,172,exists,exists
P51991,378,exists,exists
P52209,483,exists,exists
P52272,730,exists,exists
P52294,538,exists,exists
P52298,156,exists,exists
P52435,117,exists,exists
P52565,204,exists,exists
P52594,562,exists,exists
P52701,1360,exists,exists
P52732,1056,exists,exists
P52735,878,exists,exists
P52788,366,exists,exists
P52815,198,exists,exists
P52948,1817,exists,exists
P53004,296,exists,exists
P53007,311,exists,exists
P53041,499,exists,exists
P53367,373,exists,exists
P53384,320,exists,exists
P53396,1101,exists,exists
P53597,346,exists,exists
P53602,400,exists,exists
P53609,377,exists,exists
P53611,331,exists,exists
P53618,953,exists,exists
P53621,1224,exists,exists
P53701,268,exists,exists
P53801,180,exists,exists
P53804,2025,exists,exists
P53816,162,exists,exists
P53985,500,exists,exists
P53990,364,exists,exists
P53992,1094,exists,exists
P53999,127,exists,exists
P54136,660,exists,exists
P54252,361,exists,exists
P54577,528,exists,exists
P54578,494,exists,exists
P54709,279,exists,exists
P54727,409,exists,exists
P54819,239,exists,exists
P54851,167,exists,exists
P54886,795,exists,exists
P54920,295,exists,exists
P55008,147,exists,exists
P55010,431,exists,exists
P55011,1212,exists,exists
P55060,971,exists,exists
P55072,806,exists,exists
P55081,439,exists,exists
P55084,474,exists,exists
P55145,182,exists,exists
P55209,391,exists,exists
P55210,303,exists,exists
P55263,362,exists,exists
P55265,1226,exists,exists
P55327,224,exists,exists
P55735,322,exists,exists
P55769,128,exists,exists
P55786,919,exists,exists
P55809,520,exists,exists
P55854,103,exists,exists
P55884,814,exists,exists
P56192,900,exists,exists
P56199,1179,exists,exists
P56270,477,exists,exists
P56378,58,exists,exists
P56385,69,exists,exists
P56545,445,exists,exists
P56715,2156,exists,exists
P56937,341,exists,exists
P56945,870,exists,exists
P57076,290,exists,exists
P57081,412,exists,exists
P57678,1058,exists,exists
P57723,403,exists,exists
P57740,925,exists,exists
P58546,118,exists,exists
P58557,167,exists,exists
P59998,168,exists,exists
P60002,83,exists,exists
P60059,68,exists,exists
P60228,445,exists,exists
P60484,403,exists,exists
P60866,119,exists,exists
P60896,70,exists,exists
P60983,142,exists,exists
P61009,180,exists,exists
P61011,504,exists,exists
P61081,183,exists,exists
P61086,200,exists,exists
P61158,418,exists,exists
P61201,443,exists,exists
P61221,599,exists,exists
P61247,264,exists,exists
P61254,145,exists,exists
P61289,254,exists,exists
P61313,204,exists,exists
P61353,136,exists,exists
P61421,351,exists,exists
P61457,104,exists,exists
P61604,102,exists,exists
P61619,476,exists,exists
P61758,197,exists,exists
P61764,594,exists,exists
P61769,119,exists,exists
P61916,151,exists,exists
P61923,177,exists,exists
P61927,97,exists,exists
P61964,334,exists,exists
P61966,158,exists,exists
P61978,463,exists,exists
P62072,90,exists,exists
P62081,194,exists,exists
P62136,330,exists,exists
P62191,440,exists,exists
P62241,208,exists,exists
P62244,130,exists,exists
P62249,146,exists,exists
P62256,183,exists,exists
P62258,255,exists,exists
P62263,151,exists,exists
P62266,143,exists,exists
P62269,152,exists,exists
P62273,56,exists,exists
P62277,151,exists,exists
P62280,158,exists,exists
P62304,92,exists,exists
P62306,86,exists,exists
P62316,118,exists,exists
P62318,126,exists,exists
P62424,266,exists,exists
P62495,437,exists,exists
P62633,177,exists,exists
P62750,156,exists,exists
P62753,249,exists,exists
P62805,103,exists,exists
P62826,216,exists,exists
P62829,140,exists,exists
P62841,145,exists,exists
P62847,133,exists,exists
P62851,125,exists,exists
P62854,115,exists,exists
P62857,69,exists,exists
P62873,340,exists,exists
P62877,108,exists,exists
P62888,115,exists,exists
P62891,51,exists,exists
P62899,125,exists,exists
P62906,217,exists,exists
P62910,135,exists,exists
P62913,178,exists,exists
P62917,257,exists,exists
P62993,217,exists,exists
P63167,89,exists,exists
P63173,70,exists,exists
P63208,163,exists,exists
P63220,83,exists,exists
P63241,154,exists,exists
P63244,317,exists,exists
P63272,117,exists,exists
P63279,158,exists,exists
P67812,179,exists,exists
P68400,391,exists,exists
P68431,136,exists,exists
P78310,365,exists,exists
P78316,857,exists,exists
P78318,339,exists,exists
P78330,225,exists,exists
P78344,907,exists,exists
P78345,283,exists,exists
P78347,998,exists,exists
P78406,368,exists,exists
P78417,241,exists,exists
P80723,227,exists,exists
P81274,684,exists,exists
P82094,1093,exists,exists
P82650,360,exists,exists
P82663,173,exists,exists
P82673,323,exists,exists
P82675,430,exists,exists
P82914,257,exists,exists
P82933,396,exists,exists
P82970,282,exists,exists
P82979,210,exists,exists
P83111,547,exists,exists
P83436,770,exists,exists
P83731,157,exists,exists
P83881,106,exists,exists
P84090,104,exists,exists
P84098,196,exists,exists
P98082,770,exists,exists
P98170,497,exists,exists
P98173,230,exists,exists
P98175,930,exists,exists
P99999,105,exists,exists
Q00059,246,exists,exists
Q00325,362,exists,exists
Q00403,316,exists,exists
Q00537,523,exists,exists
Q00577,322,exists,exists
Q00610,1675,exists,exists
Q00653,900,exists,exists
Q00688,224,exists,exists
Q00765,189,exists,exists
Q00796,357,exists,exists
Q01081,240,exists,exists
Q01105,290,exists,exists
Q01469,135,exists,exists
Q01581,520,exists,exists
Q01650,507,exists,exists
Q01780,885,exists,exists
Q01804,1114,exists,exists
Q01813,784,exists,exists
Q01831,940,exists,exists
Q01844,656,exists,exists
Q01970,1234,exists,exists
Q02040,695,exists,exists
Q02127,395,exists,exists
Q02218,1023,exists,exists
Q02241,960,exists,exists
Q02252,535,exists,exists
Q02543,176,exists,exists
Q02790,459,exists,exists
Q02818,461,exists,exists
Q02878,288,exists,exists
Q02880,1626,exists,exists
Q03135,178,exists,exists
Q03154,408,exists,exists
Q03426,396,exists,exists
Q03468,1493,exists,exists
Q03701,1054,exists,exists
Q04446,702,exists,exists
Q04637,1599,exists,exists
Q04721,2471,exists,exists
Q04727,773,exists,exists
Q04760,184,exists,exists
Q04837,148,exists,exists
Q04864,619,exists,exists
Q05086,875,exists,exists
Q05209,780,exists,exists
Q05397,1052,exists,exists
Q05519,484,exists,exists
Q05639,463,exists,exists
Q05682,793,exists,exists
Q06124,593,exists,exists
Q06136,332,exists,exists
Q06203,517,exists,exists
Q06210,699,exists,exists
Q06265,439,exists,exists
Q06481,763,exists,exists
Q06546,454,exists,exists
Q06547,395,exists,exists
Q06587,406,exists,exists
Q07020,188,exists,exists
Q07021,282,exists,exists
Q07065,602,exists,exists
Q07157,1748,exists,exists
Q07666,443,exists,exists
Q07864,2286,exists,exists
Q07960,439,exists,exists
Q08170,494,exists,exists
Q08211,1270,exists,exists
Q08257,329,exists,exists
Q08378,1498,exists,exists
Q08379,1002,exists,exists
Q08623,228,exists,exists
Q08752,370,exists,exists
Q08945,709,exists,exists
Q08AM6,782,exists,exists
Q08J23,767,exists,exists
Q09028,425,exists,exists
Q09161,790,exists,exists
Q0IIM8,1120,exists,exists
Q0JRZ9,810,exists,exists
Q0PNE2,266,exists,exists
Q0VDF9,509,exists,exists
Q0VDG4,424,exists,exists
Q10471,571,exists,exists
Q10570,1443,exists,exists
Q10713,525,exists,exists
Q12768,1159,exists,exists
Q12769,1436,exists,exists
Q12788,808,exists,exists
Q12789,2109,exists,exists
Q12792,350,exists,exists
Q12797,758,exists,exists
Q12816,1431,exists,exists
Q12834,499,exists,exists
Q12840,1032,exists,exists
Q12849,480,exists,exists
Q12873,2000,exists,exists
Q12874,501,exists,exists
Q12888,1972,exists,exists
Q12904,312,exists,exists
Q12905,390,exists,exists
Q12906,894,exists,exists
Q12907,356,exists,exists
Q12929,822,exists,exists
Q12933,501,exists,exists
Q12959,904,exists,exists
Q12965,1108,exists,exists
Q12972,351,exists,exists
Q12979,859,exists,exists
Q12996,717,exists,exists
Q13011,328,exists,exists
Q13017,1502,exists,exists
Q13033,797,exists,exists
Q13042,620,exists,exists
Q13045,1269,exists,exists
Q13049,653,exists,exists
Q13057,564,exists,exists
Q13084,256,exists,exists
Q13098,491,exists,exists
Q13123,557,exists,exists
Q13126,283,exists,exists
Q13131,559,exists,exists
Q13137,446,exists,exists
Q13144,721,exists,exists
Q13148,414,exists,exists
Q13155,320,exists,exists
Q13158,208,exists,exists
Q13162,271,exists,exists
Q13177,524,exists,exists
Q13188,491,exists,exists
Q13191,982,exists,exists
Q13200,908,exists,exists
Q13206,875,exists,exists
Q13217,504,exists,exists
Q13227,327,exists,exists
Q13228,472,exists,exists
Q13242,221,exists,exists
Q13263,835,exists,exists
Q13287,307,exists,exists
Q13310,644,exists,exists
Q13325,482,exists,exists
Q13347,325,exists,exists
Q13356,520,exists,exists
Q13371,301,exists,exists
Q13395,1621,exists,exists
Q13405,166,exists,exists
Q13409,638,exists,exists
Q13416,577,exists,exists
Q13418,452,exists,exists
Q13423,1086,exists,exists
Q13428,1488,exists,exists
Q13435,895,exists,exists
Q13439,2230,exists,exists
Q13442,181,exists,exists
Q13459,2157,exists,exists
Q13472,1001,exists,exists
Q13485,552,exists,exists
Q13490,618,exists,exists
Q13492,652,exists,exists
Q13501,440,exists,exists
Q13523,1007,exists,exists
Q13526,163,exists,exists
Q13535,2644,exists,exists
Q13554,666,exists,exists
Q13561,401,exists,exists
Q13569,410,exists,exists
Q13573,536,exists,exists
Q13586,685,exists,exists
Q13595,282,exists,exists
Q13596,522,exists,exists
Q13601,381,exists,exists
Q13610,501,exists,exists
Q13616,776,exists,exists
Q13617,745,exists,exists
Q13618,768,exists,exists
Q13620,913,exists,exists
Q13630,321,exists,exists
Q13637,225,exists,exists
Q13642,323,exists,exists
Q13724,837,exists,exists
Q13740,583,exists,exists
Q13813,2472,exists,exists
Q13823,731,exists,exists
Q13867,455,exists,exists
Q13895,437,exists,exists
Q13901,141,exists,exists
Q13907,227,exists,exists
Q13952,458,exists,exists
Q14004,1512,exists,exists
Q14008,2032,exists,exists
Q14019,142,exists,exists
Q14061,63,exists,exists
Q14108,478,exists,exists
Q14116,193,exists,exists
Q14118,895,exists,exists
Q14119,521,exists,exists
Q14126,1118,exists,exists
Q14134,588,exists,exists
Q14139,1066,exists,exists
Q14146,1524,exists,exists
Q14151,953,exists,exists
Q14152,1382,exists,exists
Q14155,803,exists,exists
Q14181,598,exists,exists
Q14197,206,exists,exists
Q14203,1278,exists,exists
Q14232,305,exists,exists
Q14244,749,exists,exists
Q14247,550,exists,exists
Q14254,428,exists,exists
Q14258,630,exists,exists
Q14318,412,exists,exists
Q14320,339,exists,exists
Q14376,348,exists,exists
Q14444,709,exists,exists
Q14498,530,exists,exists
Q14527,1009,exists,exists
Q14534,574,exists,exists
Q14554,519,exists,exists
Q14562,1220,exists,exists
Q14566,821,exists,exists
Q14642,412,exists,exists
Q14657,143,exists,exists
Q14671,1186,exists,exists
Q14677,625,exists,exists
Q14683,1233,exists,exists
Q14684,758,exists,exists
Q14690,1871,exists,exists
Q14692,1282,exists,exists
Q14694,798,exists,exists
Q14697,944,exists,exists
Q14714,243,exists,exists
Q14738,602,exists,exists
Q14739,615,exists,exists
Q14764,893,exists,exists
Q14807,665,exists,exists
Q14847,261,exists,exists
Q14914,329,exists,exists
Q14966,1978,1978x1024,generated
Q14974,876,exists,exists
Q14978,699,exists,exists
Q14980,2115,exists,exists
Q14BN4,828,exists,exists
Q14C86,1478,exists,exists
Q14CX7,972,exists,exists
Q15003,741,exists,exists
Q15004,111,exists,exists
Q15005,226,exists,exists
Q15007,396,exists,exists
Q15008,389,exists,exists
Q15018,415,exists,exists
Q15020,963,exists,exists
Q15021,1401,exists,exists
Q15029,972,exists,exists
Q15031,903,exists,exists
Q15036,470,exists,exists
Q15041,203,exists,exists
Q15042,981,exists,exists
Q15046,597,exists,exists
Q15050,365,exists,exists
Q15054,466,exists,exists
Q15056,248,exists,exists
Q15057,778,exists,exists
Q15058,1648,exists,exists
Q15061,677,exists,exists
Q15067,660,exists,exists
Q15075,1411,exists,exists
Q15084,440,exists,exists
Q15121,130,exists,exists
Q15125,230,exists,exists
Q15126,192,exists,exists
Q15165,354,exists,exists
Q15185,160,exists,exists
Q15208,465,exists,exists
Q15257,358,exists,exists
Q15269,919,exists,exists
Q15274,297,exists,exists
Q15276,862,exists,exists
Q15287,305,exists,exists
Q15293,331,exists,exists
Q15311,655,exists,exists
Q15345,812,exists,exists
Q15361,905,exists,exists
Q15363,201,exists,exists
Q15369,112,exists,exists
Q15370,118,exists,exists
Q15382,184,exists,exists
Q15388,145,exists,exists
Q15392,516,exists,exists
Q15393,1217,exists,exists
Q15397,648,exists,exists
Q15404,277,exists,exists
Q15417,329,exists,exists
Q15427,424,exists,exists
Q15428,464,exists,exists
Q15435,360,exists,exists
Q15437,767,exists,exists
Q15459,793,exists,exists
Q15528,200,exists,exists
Q15545,349,exists,exists
Q15555,327,exists,exists
Q15629,374,exists,exists
Q15631,228,exists,exists
Q15637,639,exists,exists
Q15643,1979,exists,exists
Q15649,155,exists,exists
Q15650,581,exists,exists
Q15652,2540,exists,exists
Q15653,356,exists,exists
Q15714,1073,exists,exists
Q15738,373,exists,exists
Q15758,541,exists,exists
Q15785,309,exists,exists
Q15800,293,exists,exists
Q15813,527,exists,exists
Q15818,432,exists,exists
Q16134,617,exists,exists
Q16186,407,exists,exists
Q16204,474,exists,exists
Q16222,522,exists,exists
Q16352,499,exists,exists
Q16401,504,exists,exists
Q16513,984,exists,exists
Q16514,161,exists,exists
Q16531,1140,exists,exists
Q16543,378,exists,exists
Q16555,572,exists,exists
Q16630,551,exists,exists
Q16637,294,exists,exists
Q16643,649,exists,exists
Q16658,493,exists,exists
Q16666,785,exists,exists
Q16718,116,exists,exists
Q16795,377,exists,exists
Q16798,604,exists,exists
Q16822,640,exists,exists
Q16836,314,exists,exists
Q16851,508,exists,exists
Q16891,758,exists,exists
Q17R31,274,exists,exists
Q1ED39,458,exists,exists
Q27J81,1249,exists,exists
Q2KHR3,1735,exists,exists
Q2M389,1173,exists,exists
Q2NKX8,1250,exists,exists
Q2NL82,804,exists,exists
Q2TAL8,776,exists,exists
Q2TAY7,513,exists,exists
Q2TBE0,894,exists,exists
Q2VIQ3,1234,exists,exists
Q2VPK5,515,exists,exists
Q32MZ4,808,exists,exists
Q32P28,736,exists,exists
Q3KRA6,126,exists,exists
Q3LXA3,575,exists,exists
Q3MHD2,195,exists,exists
Q3SXM5,330,exists,exists
Q3ZCQ8,353,exists,exists
Q49A26,553,exists,exists
Q4G0J3,582,exists,exists
Q4G148,440,exists,exists
Q4J6C6,727,exists,exists
Q4KMQ2,910,exists,exists
Q4U2R6,128,exists,exists
Q4V328,841,exists,exists
Q4VC31,144,exists,exists
Q4ZIN3,620,exists,exists
Q52LJ0,433,exists,exists
Q53EL6,469,exists,exists
Q53EZ4,464,exists,exists
Q53F19,620,exists,exists
Q53FV1,153,exists,exists
Q53GQ0,312,exists,exists
Q53GS7,698,exists,exists
Q53GS9,565,exists,exists
Q53H12,422,exists,exists
Q53H82,288,exists,exists
Q53S33,107,exists,exists
Q567U6,631,exists,exists
Q56P03,285,exists,exists
Q56UN5,1328,exists,exists
Q56VL3,154,exists,exists
Q58FF6,505,exists,exists
Q58FF7,597,exists,exists
Q58FF8,381,exists,exists
Q58FG1,418,exists,exists
Q5BJD5,291,exists,exists
Q5BJF2,176,exists,exists
Q5BJF6,829,exists,exists
Q5BKT4,473,exists,exists
Q5BKZ1,582,exists,exists
Q5F1R6,531,exists,exists
Q5GLZ8,1057,exists,exists
Q5H9R7,873,exists,exists
Q5HYI8,236,exists,exists
Q5JPE7,1267,exists,exists
Q5JPH6,523,exists,exists
Q5JRA6,1907,exists,exists
Q5JRX3,1037,exists,exists
Q5JSH3,913,exists,exists
Q5JTH9,1297,exists,exists
Q5JTV8,583,exists,exists
Q5JU85,1488,exists,exists
Q5JUR7,227,exists,exists
Q5JVF3,399,exists,exists
Q5JWF2,1037,exists,exists
Q5MIZ7,849,exists,exists
Q5MNZ6,344,exists,exists
Q5NE16,218,exists,exists
Q5PSV4,323,exists,exists
Q5QJE6,756,exists,exists
Q5R3I4,469,exists,exists
Q5SRE5,1749,exists,exists
Q5SSJ5,553,exists,exists
Q5SW79,1584,exists,exists
Q5SY16,702,exists,exists
Q5T1C6,240,exists,exists
Q5T1M5,1219,exists,exists
Q5T200,1668,exists,exists
Q5T280,376,exists,exists
Q5T2W1,519,exists,exists
Q5T3I0,446,exists,exists
Q5T3J3,769,exists,exists
Q5T447,861,exists,exists
Q5T5Y3,1602,exists,exists
Q5T653,305,exists,exists
Q5T655,872,exists,exists
Q5T6F2,1119,exists,exists
Q5T6V5,341,exists,exists
Q5T8P6,1007,exists,exists
Q5T9A4,648,exists,exists
Q5T9S5,1454,exists,exists
Q5TA50,214,exists,exists
Q5TBB1,312,exists,exists
Q5TC12,328,exists,exists
Q5TFE4,455,exists,exists
Q5TKA1,542,exists,exists
Q5U3C3,297,exists,exists
Q5UIP0,2472,exists,exists
Q5VIR6,832,exists,exists
Q5VSL9,837,exists,exists
Q5VT25,1732,exists,exists
Q5VT52,1461,exists,exists
Q5VTB9,566,exists,exists
Q5VTL8,546,exists,exists
Q5VU43,2346,exists,exists
Q5VUA4,2279,exists,exists
Q5VV42,579,exists,exists
Q5VW32,411,exists,exists
Q5VW38,600,exists,exists
Q5VWI1,586,exists,exists
Q5VWJ9,437,exists,exists
Q5VYK3,1845,exists,exists
Q5VYS8,1495,exists,exists
Q5VZL5,1548,exists,exists
Q5VZM2,374,exists,exists
Q5W0B1,726,exists,exists
Q5W0V3,765,exists,exists
Q5XKP0,118,exists,exists
Q641Q2,1341,exists,exists
Q66K14,1250,exists,exists
Q66LE6,453,exists,exists
Q676U5,607,exists,exists
Q68CP9,1835,exists,exists
Q68CZ6,603,exists,exists
Q68E01,1043,exists,exists
Q68EM7,881,exists,exists
Q69YN4,1812,exists,exists
Q6AHZ1,1483,exists,exists
Q6DN03,193,exists,exists
Q6FI81,312,exists,exists
Q6GMV2,418,exists,exists
Q6I9Y2,204,exists,exists
Q6IA86,826,exists,exists
Q6IQ23,1121,exists,exists
Q6MZM0,1159,exists,exists
Q6NUK1,477,exists,exists
Q6NUM9,610,exists,exists
Q6NUQ1,792,exists,exists
Q6NUQ4,689,exists,exists
Q6NVY1,386,exists,exists
Q6NXE6,501,exists,exists
Q6NXR4,508,exists,exists
Q6NYC1,403,exists,exists
Q6NZI2,390,exists,exists
Q6P1J9,531,exists,exists
Q6P1M0,643,exists,exists
Q6P1N0,951,exists,exists
Q6P1N9,297,exists,exists
Q6P1Q9,378,exists,exists
Q6P2C8,311,exists,exists
Q6P2E9,1401,exists,exists
Q6P2H3,762,exists,exists
Q6P2Q9,2335,exists,exists
Q6P3W7,929,exists,exists
Q6P3X3,843,exists,exists
Q6P4E1,436,exists,exists
Q6P6C2,394,exists,exists
Q6P996,788,exists,exists
Q6PCB5,846,exists,exists
Q6PD62,1173,exists,exists
Q6PD74,315,exists,exists
Q6PGP7,1564,exists,exists
Q6PI48,645,exists,exists
Q6PID6,262,exists,exists
Q6PII3,467,exists,exists
Q6PIU2,408,exists,exists
Q6PJ69,517,exists,exists
Q6PJT7,736,exists,exists
Q6PKG0,1096,exists,exists
Q6PL18,1390,exists,exists
Q6Q0C0,670,exists,exists
Q6QNY1,142,exists,exists
Q6R327,1708,exists,exists
Q6SJ93,734,exists,exists
Q6UB35,978,exists,exists
Q6UN15,594,exists,exists
Q6UVJ0,657,exists,exists
Q6UWE0,723,exists,exists
Q6UX04,472,exists,exists
Q6UXN9,313,exists,exists
Q6VMQ6,1270,exists,exists
Q6VY07,963,exists,exists
Q6WCQ1,1025,exists,exists
Q6WKZ4,1283,exists,exists
Q6Y1H2,254,exists,exists
Q6Y7W6,1299,exists,exists
Q6YN16,418,exists,exists
Q6YP21,454,exists,exists
Q6ZRP7,698,exists,exists
Q6ZT77,177,exists,exists
Q6ZWJ1,553,exists,exists
Q6ZXV5,915,exists,exists
Q70E73,1250,exists,exists
Q70HW3,274,exists,exists
Q70J99,1090,exists,exists
Q70UQ0,350,exists,exists
Q70Z53,315,exists,exists
Q712K3,238,exists,exists
Q71H61,639,exists,exists
Q71RC2,724,exists,exists
Q7KZ85,1726,exists,exists
Q7KZF4,910,exists,exists
Q7KZI7,788,exists,exists
Q7KZN9,410,exists,exists
Q7L014,1031,exists,exists
Q7L0Y3,403,exists,exists
Q7L1Q6,419,exists,exists
Q7L2E3,1194,exists,exists
Q7L2H7,374,exists,exists
Q7L3B6,337,exists,exists
Q7L4I2,434,exists,exists
Q7L592,441,exists,exists
Q7L5D6,327,exists,exists
Q7L5N1,327,exists,exists
Q7L5Y9,396,exists,exists
Q7L7X3,1001,exists,exists
Q7LBC6,1761,exists,exists
Q7LBR1,199,exists,exists
Q7RTV0,110,exists,exists
Q7Z2K6,904,exists,exists
Q7Z2T5,733,exists,exists
Q7Z2W4,902,exists,exists
Q7Z2W9,205,exists,exists
Q7Z2Z2,1120,exists,exists
Q7Z3B4,507,exists,exists
Q7Z3E2,898,exists,exists
Q7Z3K3,1410,exists,exists
Q7Z3U7,1717,exists,exists
Q7Z406,1995,exists,exists
Q7Z417,695,exists,exists
Q7Z460,1538,exists,exists
Q7Z478,1369,exists,exists
Q7Z4G4,463,exists,exists
Q7Z4H7,955,exists,exists
Q7Z4H8,507,exists,exists
Q7Z4I7,341,exists,exists
Q7Z4Q2,680,exists,exists
Q7Z4S6,1674,exists,exists
Q7Z4V5,671,exists,exists
Q7Z569,592,exists,exists
Q7Z5K2,1190,exists,exists
Q7Z6B0,441,exists,exists
Q7Z6B7,1085,exists,exists
Q7Z6E9,1792,exists,exists
Q7Z6M1,372,exists,exists
Q7Z739,585,exists,exists
Q7Z7A1,2325,exists,exists
Q7Z7E8,422,exists,exists
Q7Z7K0,106,exists,exists
Q7Z7K6,275,exists,exists
Q86SF2,657,exists,exists
Q86TB9,770,exists,exists
Q86TI2,863,exists,exists
Q86TU7,594,exists,exists
Q86U42,306,exists,exists
Q86U44,580,exists,exists
Q86UD0,394,exists,exists
Q86UE4,582,exists,exists
Q86UE8,772,exists,exists
Q86UK7,904,exists,exists
Q86UP2,1357,exists,exists
Q86UT8,332,exists,exists
Q86V21,672,exists,exists
Q86V48,1076,exists,exists
Q86V81,257,exists,exists
Q86VM9,953,exists,exists
Q86VN1,386,exists,exists
Q86VP1,789,exists,exists
Q86VU5,262,exists,exists
Q86W50,562,exists,exists
Q86W92,1011,exists,exists
Q86WA8,852,exists,exists
Q86WB0,502,exists,exists
Q86WJ1,897,exists,exists
Q86WR0,208,exists,exists
Q86X10,1494,exists,exists
Q86X27,583,exists,exists
Q86X55,608,exists,exists
Q86XA9,2040,exists,exists
Q86XI2,1143,exists,exists
Q86XP3,938,exists,exists
Q86Y37,369,exists,exists
Q86Y56,855,exists,exists
Q86YP4,633,exists,exists
Q8IU85,385,exists,exists
Q8IUC4,686,exists,exists
Q8IUD2,1116,exists,exists
Q8IUD6,432,exists,exists
Q8IUF8,465,exists,exists
Q8IV38,441,exists,exists
Q8IV48,349,exists,exists
Q8IVF6,992,exists,exists
Q8IVI9,506,exists,exists
Q8IVM0,306,exists,exists
Q8IVT2,679,exists,exists
Q8IW35,865,exists,exists
Q8IWA0,830,exists,exists
Q8IWB7,410,exists,exists
Q8IWB9,1127,exists,exists
Q8IWC1,876,exists,exists
Q8IWE2,563,exists,exists
Q8IWJ2,1684,exists,exists
Q8IWL3,235,exists,exists
Q8IWS0,365,exists,exists
Q8IWX8,916,exists,exists
Q8IX01,1082,exists,exists
Q8IX03,1113,exists,exists
Q8IX12,1150,exists,exists
Q8IXB1,793,exists,exists
Q8IXH7,590,exists,exists
Q8IXI1,618,exists,exists
Q8IXJ6,389,exists,exists
Q8IXM3,137,exists,exists
Q8IXT5,1001,exists,exists
Q8IY18,1101,exists,exists
Q8IY37,1157,exists,exists
Q8IY63,956,exists,exists
Q8IY81,847,exists,exists
Q8IYB3,904,exists,exists
Q8IYB8,786,exists,exists
Q8IYD1,628,exists,exists
Q8IYE0,955,exists,exists
Q8IYH5,903,exists,exists
Q8IYI6,725,exists,exists
Q8IYU8,434,exists,exists
Q8IZ21,702,exists,exists
Q8IZH2,1706,exists,exists
Q8IZL8,1130,exists,exists
Q8N0X7,666,exists,exists
Q8N163,923,exists,exists
Q8N183,169,exists,exists
Q8N1F7,819,exists,exists
Q8N1G2,835,exists,exists
Q8N1G4,583,exists,exists
Q8N1W1,1705,exists,exists
Q8N201,2190,exists,exists
Q8N2F6,343,exists,exists
Q8N3C0,2202,exists,exists
Q8N3D4,1523,exists,exists
Q8N3X1,1017,exists,exists
Q8N4H5,51,exists,exists
Q8N4P3,179,exists,exists
Q8N4V1,131,exists,exists
Q8N543,542,exists,exists
Q8N5I9,185,exists,exists
Q8N5K1,135,exists,exists
Q8N5M4,171,exists,exists
Q8N5N7,158,exists,exists
Q8N684,471,exists,exists
Q8N6G6,1762,exists,exists
Q8N6M0,293,exists,exists
Q8N6M3,262,exists,exists
Q8N6R0,699,exists,exists
Q8N6T3,406,exists,exists
Q8N6T7,355,exists,exists
Q8N6V9,391,exists,exists
Q8N7H5,531,exists,exists
Q8N806,425,exists,exists
Q8N884,522,exists,exists
Q8N8S7,591,exists,exists
Q8N983,215,exists,exists
Q8N999,325,exists,exists
Q8NA47,563,exists,exists
Q8NA72,575,exists,exists
Q8NAV1,312,exists,exists
Q8NB16,471,exists,exists
Q8NBF2,726,exists,exists
Q8NBI5,491,exists,exists
Q8NBJ4,401,exists,exists
Q8NBJ5,622,exists,exists
Q8NBN3,555,exists,exists
Q8NBS9,432,exists,exists
Q8NBU5,361,exists,exists
Q8NC51,408,exists,exists
Q8NC60,698,exists,exists
Q8NCG7,672,exists,exists
Q8ND24,703,exists,exists
Q8ND56,463,exists,exists
Q8ND76,341,exists,exists
Q8NDD1,293,exists,exists
Q8NDF8,572,exists,exists
Q8NDI1,1231,exists,exists
Q8NDT2,890,exists,exists
Q8NE71,845,exists,exists
Q8NE86,351,exists,exists
Q8NEJ9,315,exists,exists
Q8NEM0,835,exists,exists
Q8NEM2,672,exists,exists
Q8NEN9,1154,exists,exists
Q8NEY8,458,exists,exists
Q8NEZ5,403,exists,exists
Q8NF37,534,exists,exists
Q8NFH3,380,exists,exists
Q8NFH4,326,exists,exists
Q8NFJ5,357,exists,exists
Q8NFQ8,470,exists,exists
Q8NFW8,434,exists,exists
Q8NFX7,210,exists,exists
Q8NG31,2342,exists,exists
Q8NHH9,583,exists,exists
Q8NHP6,518,exists,exists
Q8NHQ9,600,exists,exists
Q8NHU6,1098,exists,exists
Q8NHV4,660,exists,exists
Q8NI22,146,exists,exists
Q8NI27,1593,exists,exists
Q8NI35,1801,exists,exists
Q8TAA9,524,exists,exists
Q8TAD4,765,exists,exists
Q8TAE8,222,exists,exists
Q8TAQ2,1214,exists,exists
Q8TAT6,608,exists,exists
Q8TB36,358,exists,exists
Q8TBA6,731,exists,exists
Q8TBF4,217,exists,exists
Q8TBN0,382,exists,exists
Q8TBX8,421,exists,exists
Q8TC07,691,exists,exists
Q8TCD5,201,exists,exists
Q8TCG1,905,exists,exists
Q8TCJ2,826,exists,exists
Q8TCS8,783,exists,exists
Q8TCT9,377,exists,exists
Q8TCY9,931,exists,exists
Q8TDB6,740,exists,exists
Q8TDD1,881,exists,exists
Q8TDM6,1919,exists,exists
Q8TDN6,353,exists,exists
Q8TEA1,469,exists,exists
Q8TED0,518,exists,exists
Q8TED1,209,exists,exists
Q8TEQ6,1508,exists,exists
Q8TEW8,1205,exists,exists
Q8TEY7,942,exists,exists
Q8TF05,950,exists,exists
Q8TF42,649,exists,exists
Q8TF46,1054,exists,exists
Q8WTT2,800,exists,exists
Q8WU10,500,exists,exists
Q8WU90,426,exists,exists
Q8WUA2,492,exists,exists
Q8WUD4,166,exists,exists
Q8WUF5,828,exists,exists
Q8WUM0,1156,exists,exists
Q8WUM4,868,exists,exists
Q8WUX2,184,exists,exists
Q8WV22,266,exists,exists
Q8WVJ2,157,exists,exists
Q8WVK2,155,exists,exists
Q8WVM0,346,exists,exists
Q8WVM7,1258,exists,exists
Q8WVX9,515,exists,exists
Q8WVY7,318,exists,exists
Q8WWC4,291,exists,exists
Q8WWI1,1683,exists,exists
Q8WWM7,1075,exists,exists
Q8WWV3,396,exists,exists
Q8WWY3,499,exists,exists
Q8WX92,580,exists,exists
Q8WX93,1383,exists,exists
Q8WXD5,167,exists,exists
Q8WXE1,791,exists,exists
Q8WXI9,593,exists,exists
Q8WXW3,757,exists,exists
Q8WXX5,260,exists,exists
Q8WY22,251,exists,exists
Q8WYA6,563,exists,exists
Q8WYP5,2266,exists,exists
Q8WZ82,227,exists,exists
Q8WZA0,190,exists,exists
Q92481,460,exists,exists
Q92499,740,exists,exists
Q92504,469,exists,exists
Q92522,213,exists,exists
Q92530,271,exists,exists
Q92535,297,exists,exists
Q92541,710,exists,exists
Q92542,709,exists,exists
Q92547,1522,exists,exists
Q92552,414,exists,exists
Q92574,1164,exists,exists
Q92575,508,exists,exists
Q92576,2039,exists,exists
Q92598,858,exists,exists
Q92604,370,exists,exists
Q92614,2054,exists,exists
Q92620,1227,exists,exists
Q92621,2012,exists,exists
Q92643,395,exists,exists
Q92665,395,exists,exists
Q92667,903,exists,exists
Q92688,251,exists,exists
Q92733,491,exists,exists
Q92734,400,exists,exists
Q92769,488,exists,exists
Q92783,540,exists,exists
Q92793,2442,exists,exists
Q92797,1274,exists,exists
Q92804,592,exists,exists
Q92805,767,exists,exists
Q92817,2033,exists,exists
Q92820,318,exists,exists
Q92841,729,exists,exists
Q92845,792,exists,exists
Q92878,1312,exists,exists
Q92888,912,exists,exists
Q92889,916,exists,exists
Q92890,307,exists,exists
Q92896,1179,exists,exists
Q92900,1129,exists,exists
Q92901,407,exists,exists
Q92905,334,exists,exists
Q92917,476,exists,exists
Q92945,711,exists,exists
Q92973,898,exists,exists
Q92974,986,exists,exists
Q93009,1102,exists,exists
Q93034,780,exists,exists
Q93045,179,exists,exists
Q93050,837,exists,exists
Q93052,612,exists,exists
Q969F1,213,exists,exists
Q969G3,411,exists,exists
Q969G6,155,exists,exists
Q969H8,173,exists,exists
Q969Q4,196,exists,exists
Q969S3,477,exists,exists
Q969U7,264,exists,exists
Q969V3,563,exists,exists
Q969X5,290,exists,exists
Q969X6,686,exists,exists
Q969Z0,631,exists,exists
Q96A26,154,exists,exists
Q96A33,483,exists,exists
Q96A35,216,exists,exists
Q96A49,352,exists,exists
Q96A72,148,exists,exists
Q96AC1,680,exists,exists
Q96AG4,307,exists,exists
Q96AQ8,359,exists,exists
Q96AT1,154,exists,exists
Q96AY3,582,exists,exists
Q96AY4,2481,exists,exists
Q96B26,276,exists,exists
Q96B97,665,exists,exists
Q96BD8,255,exists,exists
Q96BJ3,306,exists,exists
Q96BN2,335,exists,exists
Q96BN8,352,exists,exists
Q96BP3,646,exists,exists
Q96BR5,231,exists,exists
Q96C01,138,exists,exists
Q96C19,240,exists,exists
Q96C36,320,exists,exists
Q96C57,262,exists,exists
Q96C86,337,exists,exists
Q96CS3,445,exists,exists
Q96CT7,223,exists,exists
Q96CV9,577,exists,exists
Q96CW1,435,exists,exists
Q96D46,503,exists,exists
Q96D71,796,exists,exists
Q96DB5,314,exists,exists
Q96DG6,245,exists,exists
Q96DI7,357,exists,exists
Q96DV4,380,exists,exists
Q96DZ1,483,exists,exists
Q96E11,262,exists,exists
Q96E29,417,exists,exists
Q96EA4,605,exists,exists
Q96EB6,747,exists,exists
Q96EC8,236,exists,exists
Q96EE3,360,exists,exists
Q96EK5,621,exists,exists
Q96EK6,184,exists,exists
Q96EL3,112,exists,exists
Q96EP5,407,exists,exists
Q96ER9,411,exists,exists
Q96ES7,293,exists,exists
Q96EX1,92,exists,exists
Q96EY1,480,exists,exists
Q96EY4,203,exists,exists
Q96EY7,689,exists,exists
Q96EY8,250,exists,exists
Q96F07,1278,exists,exists
Q96F24,287,exists,exists
Q96F86,508,exists,exists
Q96FQ6,103,exists,exists
Q96FV9,657,exists,exists
Q96FW1,271,exists,exists
Q96FZ2,354,exists,exists
Q96G01,975,exists,exists
Q96G03,612,exists,exists
Q96G23,380,exists,exists
Q96G25,268,exists,exists
Q96G46,650,exists,exists
Q96G74,571,exists,exists
Q96GA3,475,exists,exists
Q96GC5,212,exists,exists
Q96GM5,515,exists,exists
Q96HA1,1249,exists,exists
Q96HC4,596,exists,exists
Q96HH6,336,exists,exists
Q96HS1,289,exists,exists
Q96HY6,314,exists,exists
Q96HY7,919,exists,exists
Q96I25,401,exists,exists
Q96I59,477,exists,exists
Q96II8,777,exists,exists
Q96IJ6,420,exists,exists
Q96IX5,58,exists,exists
Q96IZ0,340,exists,exists
Q96J01,351,exists,exists
Q96J02,903,exists,exists
Q96JB2,828,exists,exists
Q96JB5,506,exists,exists
Q96JG6,964,exists,exists
Q96JJ7,454,exists,exists
Q96K76,1375,exists,exists
Q96KB5,322,exists,exists
Q96KG9,808,exists,exists
Q96KM6,892,exists,exists
Q96KN7,1286,exists,exists
Q96KP1,924,exists,exists
Q96KP4,475,exists,exists
Q96KR1,1074,exists,exists
Q96L92,541,exists,exists
Q96LA8,375,exists,exists
Q96M27,445,exists,exists
Q96M83,1385,exists,exists
Q96M96,766,exists,exists
Q96ME7,567,exists,exists
Q96MU7,727,exists,exists
Q96MW1,224,exists,exists
Q96NB3,372,exists,exists
Q96NC0,199,exists,exists
Q96ND0,272,exists,exists
Q96P11,429,exists,exists
Q96P48,1450,exists,exists
Q96P70,1041,exists,exists
Q96PC5,1412,exists,exists
Q96PK6,669,exists,exists
Q96PU4,802,exists,exists
Q96PU8,341,exists,exists
Q96PZ0,661,exists,exists
Q96Q11,434,exists,exists
Q96Q83,286,exists,exists
Q96QC0,940,exists,exists
Q96QD5,511,exists,exists
Q96QD8,506,exists,exists
Q96QE5,360,exists,exists
Q96QK1,796,exists,exists
Q96QU8,1125,exists,exists
Q96R06,1193,exists,exists
Q96RP9,751,exists,exists
Q96RQ1,377,exists,exists
Q96RT7,1819,exists,exists
Q96RU2,1077,exists,exists
Q96RU3,617,exists,exists
Q96RY7,1462,exists,exists
Q96S52,555,exists,exists
Q96S55,665,exists,exists
Q96S66,551,exists,exists
Q96SB4,655,exists,exists
Q96SK2,561,exists,exists
Q96SN8,1893,exists,exists
Q96ST2,819,exists,exists
Q96ST3,1273,exists,exists
Q96SU4,736,exists,exists
Q96SZ6,601,exists,exists
Q96T17,732,exists,exists
Q96T23,1441,exists,exists
Q96T37,977,exists,exists
Q96T51,708,exists,exists
Q96T76,1030,exists,exists
Q96TA1,746,exists,exists
Q96TA2,773,exists,exists
Q96TC7,470,exists,exists
Q99417,103,exists,exists
Q99426,244,exists,exists
Q99436,277,exists,exists
Q99442,399,exists,exists
Q99459,802,exists,exists
Q99460,953,exists,exists
Q99471,154,exists,exists
Q99497,189,exists,exists
Q99536,393,exists,exists
Q99541,437,exists,exists
Q99543,621,exists,exists
Q99567,741,exists,exists
Q99575,1024,exists,exists
Q99584,98,exists,exists
Q99590,1463,exists,exists
Q99598,290,exists,exists
Q99614,292,exists,exists
Q99615,494,exists,exists
Q99623,299,exists,exists
Q99633,342,exists,exists
Q99653,195,exists,exists
Q99685,303,exists,exists
Q99700,1313,exists,exists
Q99707,1265,exists,exists
Q99714,261,exists,exists
Q99747,312,exists,exists
Q99757,166,exists,exists
Q99784,485,exists,exists
Q99798,780,exists,exists
Q99805,663,exists,exists
Q99808,456,exists,exists
Q99832,543,exists,exists
Q99848,306,exists,exists
Q99961,368,exists,exists
Q99986,396,exists,exists
Q9BPX3,1015,exists,exists
Q9BPX5,153,exists,exists
Q9BPX6,476,exists,exists
Q9BQ15,211,exists,exists
Q9BQ52,826,exists,exists
Q9BQ61,176,exists,exists
Q9BQ69,325,exists,exists
Q9BQ75,279,exists,exists
Q9BQG0,1328,exists,exists
Q9BQG2,462,exists,exists
Q9BQP7,344,exists,exists
Q9BR61,282,exists,exists
Q9BR76,489,exists,exists
Q9BRJ2,306,exists,exists
Q9BRK5,362,exists,exists
Q9BRL6,282,exists,exists
Q9BRP8,204,exists,exists
Q9BRQ8,373,exists,exists
Q9BRS2,568,exists,exists
Q9BRT6,129,exists,exists
Q9BRU9,249,exists,exists
Q9BRX2,385,exists,exists
Q9BRX5,216,exists,exists
Q9BRX8,229,exists,exists
Q9BS16,269,exists,exists
Q9BS26,406,exists,exists
Q9BSC4,688,exists,exists
Q9BSH4,297,exists,exists
Q9BSJ2,902,exists,exists
Q9BSJ8,1104,exists,exists
Q9BSM1,259,exists,exists
Q9BSR8,244,exists,exists
Q9BT73,122,exists,exists
Q9BT78,406,exists,exists
Q9BTC0,2240,exists,exists
Q9BTE3,642,642x1024,generated
Q9BTT4,135,exists,exists
Q9BTU6,479,exists,exists
Q9BTV4,400,exists,exists
Q9BTW9,1192,exists,exists
Q9BUJ2,856,exists,exists
Q9BUK6,570,exists,exists
Q9BUL8,212,exists,exists
Q9BUP3,242,exists,exists
Q9BUQ8,820,exists,exists
Q9BV38,432,exists,exists
Q9BV57,179,exists,exists
Q9BV81,110,exists,exists
Q9BVC6,243,exists,exists
Q9BVI4,516,exists,exists
Q9BVJ6,771,exists,exists
Q9BVK2,526,exists,exists
Q9BVK6,235,exists,exists
Q9BVL2,599,exists,exists
Q9BVP2,549,exists,exists
Q9BW27,656,exists,exists
Q9BW71,556,exists,exists
Q9BW72,106,exists,exists
Q9BW83,186,exists,exists
Q9BW85,323,exists,exists
Q9BW91,350,exists,exists
Q9BWF3,364,exists,exists
Q9BWS9,393,exists,exists
Q9BWW8,343,exists,exists
Q9BXB4,747,exists,exists
Q9BXJ9,866,exists,exists
Q9BXP5,876,exists,exists
Q9BXS5,423,exists,exists
Q9BXS6,441,exists,exists
Q9BXW6,950,exists,exists
Q9BXW7,423,exists,exists
Q9BXW9,1451,exists,exists
Q9BXY0,300,exists,exists
Q9BY08,206,exists,exists
Q9BY32,194,exists,exists
Q9BY42,306,exists,exists
Q9BY44,585,exists,exists
Q9BY77,421,exists,exists
Q9BY89,1806,exists,exists
Q9BYD2,267,exists,exists
Q9BYD6,325,exists,exists
Q9BYG3,293,exists,exists
Q9BYT8,704,exists,exists
Q9BYW2,2564,exists,exists
Q9BYX2,928,928x1024,generated
Q9BZD4,464,exists,exists
Q9BZE1,423,exists,exists
Q9BZE4,634,exists,exists
Q9BZF1,889,exists,exists
Q9BZF9,1416,exists,exists
Q9BZG1,259,exists,exists
Q9BZH6,1224,exists,exists
Q9BZI7,483,exists,exists
Q9BZJ0,848,exists,exists
Q9BZV1,441,exists,exists
Q9BZX2,261,exists,exists
Q9BZZ5,524,exists,exists
Q9C005,99,exists,exists
Q9C0B5,715,exists,exists
Q9C0C2,1729,exists,exists
Q9C0C9,1292,exists,exists
Q9C0D5,1861,exists,exists
Q9C0E2,1151,exists,exists
Q9GZL7,423,exists,exists
Q9GZP4,211,exists,exists
Q9GZQ3,224,exists,exists
Q9GZR2,422,exists,exists
Q9GZR7,859,exists,exists
Q9GZS1,419,exists,exists
Q9GZS3,305,exists,exists
Q9GZT3,109,exists,exists
Q9GZT9,426,exists,exists
Q9GZU8,254,exists,exists
Q9GZY8,342,exists,exists
Q9GZZ1,169,exists,exists
Q9GZZ9,404,exists,exists
Q9H000,416,exists,exists
Q9H074,479,exists,exists
Q9H078,707,exists,exists
Q9H081,205,exists,exists
Q9H089,658,exists,exists
Q9H0A0,1025,exists,exists
Q9H0A8,199,exists,exists
Q9H0B6,622,exists,exists
Q9H0C8,392,exists,exists
Q9H0D6,950,exists,exists
Q9H0E3,1048,exists,exists
Q9H0F6,387,exists,exists
Q9H0H5,632,exists,exists
Q9H0W9,315,exists,exists
Q9H1A4,1944,exists,exists
Q9H1I8,757,exists,exists
Q9H1K0,784,exists,exists
Q9H1K1,167,exists,exists
Q9H1Y0,275,exists,exists
Q9H201,632,exists,exists
Q9H254,2564,exists,exists
Q9H267,617,exists,exists
Q9H269,839,exists,exists
Q9H270,941,941x1024,generated
Q9H2D1,315,exists,exists
Q9H2F9,335,exists,exists
Q9H2G2,1235,exists,exists
Q9H2J4,239,exists,exists
Q9H2L5,321,exists,exists
Q9H2M9,1393,exists,exists
Q9H2U1,1008,exists,exists
Q9H2U2,334,exists,exists
Q9H307,717,exists,exists
Q9H3H5,408,exists,exists
Q9H3K2,345,exists,exists
Q9H3P2,528,exists,exists
Q9H3P7,528,exists,exists
Q9H3Q1,356,exists,exists
Q9H3R2,512,exists,exists
Q9H3S7,1636,exists,exists
Q9H3U1,944,exists,exists
Q9H3U5,465,exists,exists
Q9H3Z4,198,exists,exists
Q9H444,224,exists,exists
Q9H467,287,exists,exists
Q9H479,309,exists,exists
Q9H4A3,2382,exists,exists
Q9H4A4,650,exists,exists
Q9H4A6,298,exists,exists
Q9H4L7,1026,exists,exists
Q9H501,851,exists,exists
Q9H553,416,exists,exists
Q9H583,2144,exists,exists
Q9H5Q4,396,exists,exists
Q9H633,154,exists,exists
Q9H6E5,874,exists,exists
Q9H6F5,360,exists,exists
Q9H6H4,257,exists,exists
Q9H6R4,1146,exists,exists
Q9H6S0,1430,exists,exists
Q9H6S3,715,exists,exists
Q9H6T0,727,exists,exists
Q9H6T3,665,exists,exists
Q9H6U8,611,exists,exists
Q9H6W3,641,exists,exists
Q9H6Z4,567,exists,exists
Q9H788,454,exists,exists
Q9H7B2,306,exists,exists
Q9H7D0,1870,exists,exists
Q9H7E2,651,exists,exists
Q9H7Z7,377,exists,exists
Q9H814,394,exists,exists
Q9H832,354,exists,exists
Q9H875,184,exists,exists
Q9H8H0,719,exists,exists
Q9H8H2,851,exists,exists
Q9H8M5,875,exists,exists
Q9H8Y8,452,exists,exists
Q9H900,591,exists,exists
Q9H910,190,exists,exists
Q9H936,323,exists,exists
Q9H967,626,exists,exists
Q9H993,441,exists,exists
Q9H9A6,602,exists,exists
Q9H9B4,322,exists,exists
Q9H9C1,493,exists,exists
Q9H9E3,785,exists,exists
Q9H9L3,353,exists,exists
Q9H9P8,463,exists,exists
Q9H9T3,547,exists,exists
Q9HA77,564,exists,exists
Q9HAU5,1272,exists,exists
Q9HAV4,1204,exists,exists
Q9HAV7,217,exists,exists
Q9HB40,452,exists,exists
Q9HB71,228,exists,exists
Q9HBH0,211,exists,exists
Q9HBL7,147,exists,exists
Q9HBL8,299,exists,exists
Q9HBM1,224,exists,exists
Q9HC07,324,exists,exists
Q9HC21,320,exists,exists
Q9HC35,981,exists,exists
Q9HC36,420,exists,exists
Q9HC38,313,exists,exists
Q9HC98,313,exists,exists
Q9HCC0,563,exists,exists
Q9HCD5,579,exists,exists
Q9HCE1,1003,exists,exists
Q9HCL2,828,exists,exists
Q9HCS7,855,exists,exists
Q9HCU5,417,exists,exists
Q9HD26,462,exists,exists
Q9HD33,250,exists,exists
Q9HD34,91,exists,exists
Q9HD67,2058,exists,exists
Q9HDC9,416,exists,exists
Q9NP58,842,exists,exists
Q9NP66,347,exists,exists
Q9NP79,307,exists,exists
Q9NP80,782,exists,exists
Q9NPA3,183,exists,exists
Q9NPA8,101,exists,exists
Q9NPE3,64,exists,exists
Q9NPF5,467,exists,exists
Q9NPF8,381,exists,exists
Q9NPJ6,270,exists,exists
Q9NPL8,285,exists,exists
Q9NPQ8,531,exists,exists
Q9NQ55,473,exists,exists
Q9NQ88,270,exists,exists
Q9NQC3,1192,exists,exists
Q9NQG5,326,exists,exists
Q9NQP4,134,exists,exists
Q9NQS7,918,exists,exists
Q9NQT4,235,exists,exists
Q9NQV7,894,exists,exists
Q9NQW6,1124,exists,exists
Q9NQW7,623,exists,exists
Q9NQX3,736,exists,exists
Q9NQZ2,479,exists,exists
Q9NR12,457,exists,exists
Q9NR28,239,exists,exists
Q9NR30,783,exists,exists
Q9NR31,198,exists,exists
Q9NR33,117,exists,exists
Q9NR45,359,exists,exists
Q9NR46,395,exists,exists
Q9NR50,452,exists,exists
Q9NR56,388,exists,exists
Q9NRF9,147,exists,exists
Q9NRG0,131,exists,exists
Q9NRG1,225,exists,exists
Q9NRG4,433,exists,exists
Q9NRH2,765,exists,exists
Q9NRK6,738,exists,exists
Q9NRL2,1556,exists,exists
Q9NRN7,309,exists,exists
Q9NRN9,209,exists,exists
Q9NRS6,342,exists,exists
Q9NRV9,189,exists,exists
Q9NRW7,570,exists,exists
Q9NRX2,175,exists,exists
Q9NRX4,125,exists,exists
Q9NRY2,104,exists,exists
Q9NRZ9,838,exists,exists
Q9NS87,1388,exists,exists
Q9NS91,495,exists,exists
Q9NS93,570,exists,exists
Q9NSD9,589,exists,exists
Q9NSE4,1012,exists,exists
Q9NSI2,230,exists,exists
Q9NSV4,1193,exists,exists
Q9NT62,314,exists,exists
Q9NTI5,1447,exists,exists
Q9NTJ3,1288,exists,exists
Q9NTJ5,587,exists,exists
Q9NTK5,396,exists,exists
Q9NTM9,273,exists,exists
Q9NTZ6,932,exists,exists
Q9NUL3,570,exists,exists
Q9NUM4,274,exists,exists
Q9NUP9,197,exists,exists
Q9NUQ2,364,exists,exists
Q9NUQ8,709,exists,exists
Q9NUQ9,324,exists,exists
Q9NV06,445,exists,exists
Q9NV70,894,exists,exists
Q9NVC6,651,exists,exists
Q9NVD7,372,exists,exists
Q9NVE7,773,exists,exists
Q9NVG8,400,exists,exists
Q9NVH1,559,exists,exists
Q9NVH2,962,exists,exists
Q9NVI1,1328,exists,exists
Q9NVM4,692,exists,exists
Q9NVM6,304,exists,exists
Q9NVM9,706,exists,exists
Q9NVN8,582,exists,exists
Q9NVP1,670,exists,exists
Q9NVQ4,179,exists,exists
Q9NVS2,196,exists,exists
Q9NVT9,282,exists,exists
Q9NVU0,708,exists,exists
Q9NVU7,687,exists,exists
Q9NVV4,582,exists,exists
Q9NVX2,485,exists,exists
Q9NW08,1133,exists,exists
Q9NW13,759,exists,exists
Q9NW64,420,exists,exists
Q9NW68,430,exists,exists
Q9NW81,257,exists,exists
Q9NW82,654,exists,exists
Q9NWB6,273,exists,exists
Q9NWH9,1034,exists,exists
Q9NWS8,449,exists,exists
Q9NWT1,392,exists,exists
Q9NWV4,160,exists,exists
Q9NX01,149,exists,exists
Q9NX18,166,exists,exists
Q9NX40,245,exists,exists
Q9NX62,359,exists,exists
Q9NXC5,875,exists,exists
Q9NXE4,866,exists,exists
Q9NXF1,929,exists,exists
Q9NXG2,353,exists,exists
Q9NXH9,659,exists,exists
Q9NXR1,335,exists,exists
Q9NY12,217,exists,exists
Q9NY27,417,exists,exists
Q9NY33,737,exists,exists
Q9NY61,560,exists,exists
Q9NY74,926,exists,exists
Q9NY93,547,exists,exists
Q9NYB9,513,exists,exists
Q9NYH9,597,exists,exists
Q9NYK5,338,exists,exists
Q9NYL9,352,exists,exists
Q9NYP7,299,exists,exists
Q9NYU2,1555,exists,exists
Q9NZ01,308,exists,exists
Q9NZ09,502,exists,exists
Q9NZ32,417,exists,exists
Q9NZ43,259,exists,exists
Q9NZ52,723,exists,exists
Q9NZ63,289,exists,exists
Q9NZD2,209,exists,exists
Q9NZD8,308,exists,exists
Q9NZE8,188,exists,exists
Q9NZL9,334,exists,exists
Q9NZM1,2061,exists,exists
Q9NZM3,1697,exists,exists
Q9NZM5,478,exists,exists
Q9NZN4,543,exists,exists
Q9NZN5,1544,exists,exists
Q9NZN8,540,exists,exists
Q9NZZ3,219,exists,exists
Q9P000,198,exists,exists
Q9P013,229,exists,exists
Q9P016,225,exists,exists
Q9P021,101,exists,exists
Q9P0I2,261,exists,exists
Q9P0J0,144,exists,exists
Q9P0J7,381,exists,exists
Q9P0K7,980,exists,exists
Q9P0L0,249,exists,exists
Q9P0M9,148,exists,exists
Q9P0P8,240,exists,exists
Q9P0S2,106,exists,exists
Q9P0U3,644,exists,exists
Q9P0V3,963,exists,exists
Q9P0V9,454,exists,exists
Q9P1Y5,1249,exists,exists
Q9P1Z2,691,exists,exists
Q9P219,2028,exists,exists
Q9P253,973,exists,exists
Q9P258,522,exists,exists
Q9P260,1216,exists,exists
Q9P287,314,exists,exists
Q9P2B4,639,exists,exists
Q9P2E3,1918,exists,exists
Q9P2E9,1410,exists,exists
Q9P2I0,782,exists,exists
Q9P2J5,1176,exists,exists
Q9P2K3,495,exists,exists
Q9P2N5,1060,exists,exists
Q9P2R3,1169,exists,exists
Q9P2R7,463,exists,exists
Q9P2S5,460,exists,exists
Q9P2W9,335,exists,exists
Q9UBB4,475,exists,exists
Q9UBB5,411,exists,exists
Q9UBB9,837,exists,exists
Q9UBD5,711,exists,exists
Q9UBE0,346,exists,exists
Q9UBF8,816,exists,exists
Q9UBH6,696,exists,exists
Q9UBI1,195,exists,exists
Q9UBI6,72,exists,exists
Q9UBL3,628,exists,exists
Q9UBM7,475,exists,exists
Q9UBP0,616,exists,exists
Q9UBP9,304,exists,exists
Q9UBR2,303,exists,exists
Q9UBS3,223,exists,exists
Q9UBS4,358,exists,exists
Q9UBS8,474,exists,exists
Q9UBT2,640,exists,exists
Q9UBT7,734,exists,exists
Q9UBU8,362,exists,exists
Q9UBU9,619,exists,exists
Q9UBV2,794,exists,exists
Q9UBW5,565,exists,exists
Q9UBW8,275,exists,exists
Q9UBX8,382,exists,exists
Q9UDY2,1190,exists,exists
Q9UDY8,824,exists,exists
Q9UEE9,299,exists,exists
Q9UER7,740,exists,exists
Q9UEW8,545,exists,exists
Q9UG63,623,exists,exists
Q9UGC7,380,exists,exists
Q9UGI8,421,exists,exists
Q9UGJ1,667,exists,exists
Q9UGM6,360,exists,exists
Q9UGN5,583,exists,exists
Q9UGP4,676,exists,exists
Q9UGP8,760,exists,exists
Q9UGR2,977,exists,exists
Q9UH65,585,exists,exists
Q9UHA3,163,exists,exists
Q9UHB6,759,exists,exists
Q9UHB9,627,exists,exists
Q9UHD1,332,exists,exists
Q9UHD2,729,exists,exists
Q9UHD8,586,exists,exists
Q9UHD9,624,exists,exists
Q9UHG3,505,exists,exists
Q9UHI6,824,exists,exists
Q9UHN1,485,exists,exists
Q9UHQ9,305,exists,exists
Q9UHV9,154,exists,exists
Q9UHW9,1150,exists,exists
Q9UHY7,261,exists,exists
Q9UI09,145,exists,exists
Q9UI10,523,exists,exists
Q9UI12,483,exists,exists
Q9UIA9,1087,exists,exists
Q9UIG0,1483,exists,exists
Q9UII2,106,exists,exists
Q9UIQ6,1025,exists,exists
Q9UJ83,578,exists,exists
Q9UJA5,497,exists,exists
Q9UJC3,728,exists,exists
Q9UJU6,430,exists,exists
Q9UJV9,622,exists,exists
Q9UJX2,597,exists,exists
Q9UJZ1,356,exists,exists
Q9UK32,745,exists,exists
Q9UK41,221,exists,exists
Q9UK45,103,exists,exists
Q9UK59,544,exists,exists
Q9UK61,1670,exists,exists
Q9UKA4,1901,exists,exists
Q9UKD2,239,exists,exists
Q9UKK3,1724,exists,exists
Q9UKK9,219,exists,exists
Q9UKN8,822,exists,exists
Q9UKV3,1341,exists,exists
Q9UKX7,468,exists,exists
Q9UKY7,258,exists,exists
Q9UKZ1,510,exists,exists
Q9UL03,887,exists,exists
Q9UL25,225,exists,exists
Q9UL63,735,exists,exists
Q9ULC3,237,exists,exists
Q9ULC4,181,exists,exists
Q9ULD2,1270,exists,exists
Q9ULD9,1512,exists,exists
Q9ULG6,757,exists,exists
Q9ULH0,1771,exists,exists
Q9ULI2,386,exists,exists
Q9ULJ8,1098,exists,exists
Q9ULR0,285,exists,exists
Q9ULW0,747,exists,exists
Q9ULX3,412,exists,exists
Q9ULX6,646,exists,exists
Q9UMS4,504,exists,exists
Q9UMX5,172,exists,exists
Q9UMY1,257,exists,exists
Q9UMZ2,1314,exists,exists
Q9UN86,482,exists,exists
Q9UNE7,303,exists,exists
Q9UNF0,486,exists,exists
Q9UNH7,406,exists,exists
Q9UNI6,340,exists,exists
Q9UNK0,236,exists,exists
Q9UNL2,185,exists,exists
Q9UNM6,376,exists,exists
Q9UNN5,650,exists,exists
Q9UNQ2,313,exists,exists
Q9UNS2,423,exists,exists
Q9UNX4,943,exists,exists
Q9UNY4,1162,exists,exists
Q9UNZ2,370,exists,exists
Q9UNZ5,99,exists,exists
Q9UPN4,1083,exists,exists
Q9UPN6,1271,exists,exists
Q9UPN9,1127,exists,exists
Q9UPQ0,1083,exists,exists
Q9UPR0,1127,exists,exists
Q9UPT5,735,exists,exists
Q9UPT9,525,exists,exists
Q9UPU5,2620,exists,exists
Q9UQ80,394,exists,exists
Q9UQB8,552,exists,exists
Q9UQE7,1217,exists,exists
Q9UQN3,213,exists,exists
Q9Y217,621,exists,exists
Q9Y221,180,exists,exists
Q9Y223,722,exists,exists
Q9Y224,244,exists,exists
Q9Y230,463,exists,exists
Q9Y237,131,exists,exists
Q9Y248,185,exists,exists
Q9Y255,219,exists,exists
Q9Y262,564,exists,exists
Q9Y263,795,exists,exists
Q9Y266,331,exists,exists
Q9Y282,383,exists,exists
Q9Y285,508,exists,exists
Q9Y295,367,exists,exists
Q9Y2A7,1128,exists,exists
Q9Y2B0,182,exists,exists
Q9Y2B1,443,exists,exists
Q9Y2C4,368,exists,exists
Q9Y2D4,811,exists,exists
Q9Y2H2,1132,exists,exists
Q9Y2H6,1198,exists,exists
Q9Y2J2,1087,exists,exists
Q9Y2K9,1186,exists,exists
Q9Y2L1,958,exists,exists
Q9Y2Q9,187,exists,exists
Q9Y2R9,242,exists,exists
Q9Y2S7,368,exists,exists
Q9Y2T2,418,exists,exists
Q9Y2T3,454,exists,exists
Q9Y2V2,147,exists,exists
Q9Y2W1,955,exists,exists
Q9Y2W2,641,exists,exists
Q9Y2W6,561,exists,exists
Q9Y2X0,877,exists,exists
Q9Y2X7,761,exists,exists
Q9Y2Z0,365,exists,exists
Q9Y305,439,exists,exists
Q9Y312,384,exists,exists
Q9Y314,301,exists,exists
Q9Y316,297,exists,exists
Q9Y324,198,exists,exists
Q9Y333,95,exists,exists
Q9Y375,327,exists,exists
Q9Y376,341,exists,exists
Q9Y383,392,exists,exists
Q9Y394,339,exists,exists
Q9Y399,296,exists,exists
Q9Y3A2,253,exists,exists
Q9Y3A3,225,exists,exists
Q9Y3A4,280,exists,exists
Q9Y3A5,250,exists,exists
Q9Y3B2,195,exists,exists
Q9Y3B3,224,exists,exists
Q9Y3B4,125,exists,exists
Q9Y3B7,192,exists,exists
Q9Y3B8,237,exists,exists
Q9Y3B9,282,exists,exists
Q9Y3C0,194,exists,exists
Q9Y3C1,178,exists,exists
Q9Y3C8,167,exists,exists
Q9Y3D0,163,exists,exists
Q9Y3D3,137,exists,exists
Q9Y3D6,152,exists,exists
Q9Y3D7,125,exists,exists
Q9Y3D8,172,exists,exists
Q9Y3D9,190,exists,exists
Q9Y3F4,350,exists,exists
Q9Y3I0,505,exists,exists
Q9Y3P9,1069,exists,exists
Q9Y3T9,749,exists,exists
Q9Y3U8,105,exists,exists
Q9Y3Y2,248,exists,exists
Q9Y3Z3,626,exists,exists
Q9Y446,797,exists,exists
Q9Y448,316,exists,exists
Q9Y450,684,exists,exists
Q9Y466,385,exists,exists
Q9Y4B5,1905,exists,exists
Q9Y4C2,921,exists,exists
Q9Y4C8,960,exists,exists
Q9Y4E8,981,exists,exists
Q9Y4F1,1045,exists,exists
Q9Y4G6,2542,exists,exists
Q9Y4I1,1855,exists,exists
Q9Y4L1,999,exists,exists
Q9Y4P3,447,exists,exists
Q9Y4P8,454,exists,exists
Q9Y4W2,734,exists,exists
Q9Y4W6,797,exists,exists
Q9Y4X5,557,exists,exists
Q9Y4Y9,91,exists,exists
Q9Y4Z0,139,exists,exists
Q9Y508,228,exists,exists
Q9Y512,469,exists,exists
Q9Y570,386,exists,exists
Q9Y597,815,exists,exists
Q9Y5A7,615,exists,exists
Q9Y5B6,917,exists,exists
Q9Y5B9,1047,exists,exists
Q9Y5J1,556,exists,exists
Q9Y5K6,639,exists,exists
Q9Y5L0,923,exists,exists
Q9Y5M8,271,exists,exists
Q9Y5N6,252,exists,exists
Q9Y5P4,624,exists,exists
Q9Y5Q8,519,exists,exists
Q9Y5Q9,886,exists,exists
Q9Y5T5,823,exists,exists
Q9Y5V0,76,exists,exists
Q9Y5W8,968,exists,exists
Q9Y606,427,exists,exists
Q9Y608,721,exists,exists
Q9Y617,370,exists,exists
Q9Y673,324,exists,exists
Q9Y676,258,exists,exists
Q9Y678,874,exists,exists
Q9Y696,253,exists,exists
Q9Y6A5,838,exists,exists
Q9Y6C9,303,exists,exists
Q9Y6D6,1849,exists,exists
Q9Y6D9,718,exists,exists
Q9Y6E0,443,exists,exists
Q9Y6G3,142,exists,exists
Q9Y6G9,523,exists,exists
Q9Y6K5,1087,exists,exists
Q9Y6K9,419,exists,exists
Q9Y6M1,599,exists,exists
Q9Y6M7,1214,exists,exists
Q9Y6M9,179,exists,exists
Q9Y6R0,609,exists,exists
Q9Y6V7,483,exists,exists
Q9Y6X1,66,exists,exists
Q9Y6X9,1032,exists,exists
Q9Y6Y0,642,exists,exists
Q9Y6Y8,1000,exists,exists
