protein,outer_split,fold
A0FGR8,test,
A0MZ66,train,4.0
A1L0T0,train,4.0
A2A3N6,test,
A2AJT9,test,
A2RRP1,train,5.0
A2RTX5,train,2.0
A3KMH1,test,
A3KN83,train,4.0
A4D1E9,test,
A5D8V6,test,
A5PLN9,test,
A5YKK6,train,5.0
A6NCE7,train,3.0
A6NCI4,train,4.0
A6ND36,train,3.0
A6NDG6,train,4.0
A6NDU8,test,
A6NHX0,test,
A6NKD9,train,4.0
A6NKH3,train,3.0
A6NM62,test,
A8MWD9,train,1.0
A9UHW6,train,2.0
B5ME19,train,2.0
B7ZAQ6,test,
E9PAV3,train,5.0
O00116,train,1.0
O00151,train,5.0
O00161,train,5.0
O00193,train,5.0
O00203,train,5.0
O00217,train,3.0
O00220,train,5.0
O00231,test,
O00232,train,1.0
O00233,test,
O00244,train,3.0
O00267,train,1.0
O00303,train,3.0
O00330,test,
O00399,train,3.0
O00401,train,2.0
O00411,train,1.0
O00422,train,1.0
O00442,train,3.0
O00443,train,5.0
O00459,train,4.0
O00461,train,1.0
O00471,train,4.0
O00483,train,5.0
O00487,train,3.0
O00499,train,1.0
O00507,train,5.0
O00541,train,1.0
O00560,test,
O00566,train,1.0
O00567,train,1.0
O00571,train,2.0
O00592,train,2.0
O00625,train,3.0
O00762,train,3.0
O00763,train,3.0
O00764,train,1.0
O00767,train,5.0
O14497,test,
O14530,train,2.0
O14545,train,4.0
O14548,train,5.0
O14561,train,4.0
O14562,train,1.0
O14579,test,
O14602,test,
O14617,train,5.0
O14639,train,5.0
O14647,train,4.0
O14656,train,4.0
O14727,train,4.0
O14730,train,2.0
O14737,train,3.0
O14744,train,2.0
O14745,train,1.0
O14757,train,5.0
O14776,train,4.0
O14777,train,2.0
O14802,test,
O14874,train,1.0
O14880,train,5.0
O14904,train,2.0
O14907,train,4.0
O14908,test,
O14925,test,
O14936,train,3.0
O14950,train,5.0
O14964,train,4.0
O14974,train,4.0
O14975,train,5.0
O14979,test,
O14980,test,
O14981,train,1.0
O15020,train,2.0
O15031,train,3.0
O15042,train,3.0
O15066,train,2.0
O15067,test,
O15078,train,3.0
O15084,train,3.0
O15091,train,3.0
O15116,train,3.0
O15121,train,4.0
O15143,train,4.0
O15144,train,3.0
O15145,train,4.0
O15160,train,4.0
O15162,train,1.0
O15173,train,3.0
O15212,train,1.0
O15213,train,2.0
O15226,train,3.0
O15260,test,
O15269,train,4.0
O15270,test,
O15294,train,2.0
O15305,train,1.0
O15355,train,2.0
O15357,train,2.0
O15371,train,5.0
O15372,train,2.0
O15400,train,1.0
O15479,train,1.0
O15498,train,1.0
O15541,train,4.0
O15554,train,1.0
O43148,train,2.0
O43156,train,4.0
O43172,test,
O43175,train,4.0
O43181,train,4.0
O43242,train,2.0
O43252,train,4.0
O43264,train,2.0
O43290,test,
O43292,train,4.0
O43310,test,
O43314,train,2.0
O43318,train,1.0
O43324,train,1.0
O43345,train,3.0
O43347,test,
O43353,train,5.0
O43390,train,4.0
O43395,train,5.0
O43396,test,
O43399,train,3.0
O43427,train,1.0
O43491,test,
O43505,train,2.0
O43513,train,2.0
O43583,train,1.0
O43592,train,1.0
O43598,test,
O43615,train,3.0
O43660,train,3.0
O43663,train,5.0
O43670,train,1.0
O43674,train,1.0
O43677,train,5.0
O43681,train,1.0
O43707,train,4.0
O43716,test,
O43719,train,1.0
O43739,train,3.0
O43747,train,3.0
O43752,train,1.0
O43765,train,4.0
O43768,train,2.0
O43776,train,4.0
O43795,train,3.0
O43805,train,1.0
O43809,train,2.0
O43818,train,2.0
O43823,train,5.0
O43837,test,
O43861,test,
O43896,train,5.0
O43913,train,4.0
O60216,train,3.0
O60239,train,3.0
O60244,test,
O60264,train,4.0
O60271,train,1.0
O60287,train,4.0
O60293,train,1.0
O60306,train,4.0
O60313,train,5.0
O60333,train,2.0
O60341,test,
O60343,train,1.0
O60437,train,1.0
O60443,train,2.0
O60493,test,
O60502,train,5.0
O60503,train,1.0
O60518,train,2.0
O60524,train,5.0
O60547,train,1.0
O60563,train,1.0
O60566,train,3.0
O60568,train,1.0
O60610,test,
O60678,train,5.0
O60701,train,3.0
O60716,train,2.0
O60739,train,2.0
O60762,train,2.0
O60763,train,1.0
O60826,train,2.0
O60828,test,
O60832,train,4.0
O60841,train,2.0
O60869,train,2.0
O60870,train,1.0
O60884,test,
O60885,train,3.0
O60888,test,
O60921,train,1.0
O60925,test,
O60934,train,4.0
O75027,test,
O75063,train,2.0
O75083,train,5.0
O75094,test,
O75116,train,3.0
O75127,train,3.0
O75131,train,2.0
O75143,train,1.0
O75145,test,
O75146,train,1.0
O75150,train,4.0
O75152,train,4.0
O75153,train,4.0
O75155,train,1.0
O75157,train,4.0
O75165,train,1.0
O75175,train,5.0
O75179,train,2.0
O75190,train,5.0
O75191,train,5.0
O75208,train,1.0
O75223,train,5.0
O75306,train,3.0
O75312,test,
O75323,test,
O75330,train,4.0
O75334,train,2.0
O75347,train,5.0
O75348,train,2.0
O75351,train,2.0
O75368,train,3.0
O75380,train,1.0
O75390,train,4.0
O75391,train,1.0
O75400,train,4.0
O75410,train,2.0
O75419,train,2.0
O75420,test,
O75436,train,1.0
O75439,test,
O75446,train,4.0
O75448,train,1.0
O75459,train,2.0
O75475,train,4.0
O75477,test,
O75486,train,2.0
O75496,test,
O75521,test,
O75526,train,3.0
O75531,train,2.0
O75533,train,4.0
O75534,train,1.0
O75554,train,4.0
O75643,train,2.0
O75663,train,5.0
O75665,train,1.0
O75674,train,3.0
O75683,train,5.0
O75694,train,3.0
O75695,test,
O75717,train,4.0
O75718,train,1.0
O75746,train,1.0
O75787,train,2.0
O75792,train,4.0
O75794,train,3.0
O75818,test,
O75821,train,3.0
O75822,train,2.0
O75832,train,2.0
O75844,train,5.0
O75934,train,3.0
O75937,train,1.0
O75940,train,3.0
O75947,train,2.0
O75964,train,3.0
O76003,train,4.0
O76021,train,1.0
O76094,test,
O94760,train,4.0
O94776,train,2.0
O94804,train,1.0
O94822,train,3.0
O94826,train,3.0
O94874,train,3.0
O94888,train,2.0
O94906,test,
O94925,train,5.0
O94966,train,1.0
O94979,train,1.0
O94992,train,2.0
O95049,test,
O95070,train,2.0
O95081,train,5.0
O95104,train,2.0
O95140,train,3.0
O95155,train,3.0
O95163,train,5.0
O95166,train,1.0
O95182,train,2.0
O95197,train,1.0
O95202,train,5.0
O95218,train,2.0
O95232,train,2.0
O95235,train,2.0
O95251,test,
O95267,test,
O95295,train,2.0
O95299,train,5.0
O95319,test,
O95347,test,
O95361,train,2.0
O95363,train,5.0
O95373,test,
O95376,test,
O95379,train,3.0
O95394,train,5.0
O95433,train,5.0
O95453,train,2.0
O95456,train,5.0
O95466,train,2.0
O95470,test,
O95478,train,1.0
O95487,train,1.0
O95573,train,4.0
O95602,train,2.0
O95619,train,5.0
O95630,train,4.0
O95674,train,4.0
O95684,train,1.0
O95707,train,2.0
O95721,train,1.0
O95749,train,2.0
O95782,train,5.0
O95801,train,1.0
O95816,test,
O95819,test,
O95831,train,1.0
O95861,test,
O95900,test,
O95922,train,5.0
O95985,train,5.0
O96005,train,5.0
P00367,train,4.0
P00374,train,2.0
P00390,test,
P00414,test,
P00441,train,5.0
P00491,train,1.0
P00505,train,5.0
P00533,train,1.0
P00558,train,4.0
P00966,train,4.0
P02545,train,2.0
P02786,train,1.0
P02794,train,2.0
P04040,train,4.0
P04075,train,2.0
P04080,train,5.0
P04179,test,
P04181,train,1.0
P04183,train,3.0
P04406,train,3.0
P04632,test,
P04792,train,2.0
P04818,train,5.0
P04843,test,
P04844,train,5.0
P04920,train,4.0
P05026,train,5.0
P05114,test,
P05141,train,4.0
P05187,test,
P05198,train,1.0
P05387,train,1.0
P05388,train,4.0
P05455,train,5.0
P05556,train,3.0
P05783,test,
P06213,train,2.0
P06280,train,5.0
P06454,train,2.0
P06576,test,
P06733,train,3.0
P06737,test,
P06744,train,3.0
P06748,test,
P06753,train,4.0
P07099,train,2.0
P07195,train,2.0
P07237,train,2.0
P07305,train,3.0
P07311,train,4.0
P07339,train,3.0
P07384,test,
P07737,test,
P07741,train,4.0
P07814,train,4.0
P07858,train,3.0
P07910,test,
P07942,train,4.0
P07954,train,1.0
P08047,test,
P08133,test,
P08174,train,1.0
P08183,train,5.0
P08240,train,2.0
P08243,train,4.0
P08397,train,3.0
P08559,test,
P08621,train,5.0
P08651,train,3.0
P08708,train,2.0
P08865,train,4.0
P09001,train,3.0
P09012,train,1.0
P09038,train,5.0
P09132,train,3.0
P09211,test,
P09234,train,5.0
P09382,train,5.0
P09496,train,2.0
P09543,train,1.0
P09622,train,1.0
P09661,test,
P09874,train,1.0
P09884,train,4.0
P09960,train,1.0
P0C7P0,train,4.0
P0C7P4,train,2.0
P0CG48,train,4.0
P0DJ07,train,2.0
P0DMU7,train,2.0
P0DPB6,train,2.0
P10155,train,4.0
P10321,train,4.0
P10515,train,1.0
P10606,train,4.0
P10620,test,
P10644,train,2.0
P10768,train,4.0
P10809,train,2.0
P10909,test,
P11047,train,3.0
P11117,train,3.0
P11166,train,5.0
P11172,train,4.0
P11177,train,4.0
P11233,test,
P11310,train,5.0
P11387,train,3.0
P11413,train,1.0
P11498,train,4.0
P11717,train,4.0
P11766,test,
P11831,train,4.0
P11908,train,4.0
P12004,train,2.0
P12081,train,5.0
P12107,train,5.0
P12268,test,
P12270,train,2.0
P12694,train,3.0
P12955,train,3.0
P12956,test,
P13010,train,4.0
P13051,train,3.0
P13073,train,2.0
P13284,test,
P13489,train,1.0
P13639,train,4.0
P13667,train,2.0
P13674,train,2.0
P13693,test,
P13797,train,5.0
P13804,test,
P13807,test,
P13984,train,3.0
P13987,train,3.0
P13995,train,3.0
P14174,train,5.0
P14209,train,3.0
P14314,train,3.0
P14317,train,3.0
P14324,train,1.0
P14550,train,1.0
P14625,train,1.0
P14635,train,4.0
P14678,train,4.0
P14735,train,2.0
P14854,train,3.0
P14866,train,5.0
P14868,train,2.0
P15056,train,4.0
P15311,train,5.0
P15328,train,3.0
P15374,train,3.0
P15408,train,5.0
P15529,train,5.0
P15531,train,1.0
P15559,test,
P15735,train,2.0
P15880,train,1.0
P15927,train,1.0
P16070,test,
P16152,test,
P16278,test,
P16401,train,3.0
P16435,train,5.0
P16591,test,
P16615,train,1.0
P16989,test,
P17096,train,5.0
P17252,train,4.0
P17480,train,2.0
P17568,train,2.0
P17612,train,5.0
P17676,test,
P17812,train,1.0
P17987,train,3.0
P18031,train,2.0
P18074,test,
P18077,train,2.0
P18124,train,1.0
P18206,test,
P18583,test,
P18621,test,
P18669,train,2.0
P18754,train,4.0
P18858,train,5.0
P19174,train,3.0
P19338,train,5.0
P19367,test,
P19404,train,1.0
P19440,train,5.0
P19525,train,2.0
P19532,train,5.0
P20042,train,2.0
P20226,train,2.0
P20290,train,5.0
P20585,test,
P20618,train,1.0
P20645,train,4.0
P20674,train,5.0
P20810,train,3.0
P21127,test,
P21266,train,4.0
P21281,train,2.0
P21283,test,
P21291,train,3.0
P21912,test,
P21926,train,4.0
P21953,train,2.0
P21964,train,4.0
P22033,test,
P22059,train,3.0
P22087,train,1.0
P22090,train,2.0
P22102,train,4.0
P22234,train,2.0
P22307,train,3.0
P22314,train,4.0
P22413,train,3.0
P22695,train,4.0
P22830,train,4.0
P23142,test,
P23193,train,4.0
P23229,train,3.0
P23246,train,4.0
P23381,train,1.0
P23396,test,
P23497,test,
P23511,train,3.0
P23528,train,1.0
P23588,train,3.0
P23763,train,4.0
P23786,train,4.0
P23919,train,4.0
P23921,train,5.0
P24001,train,1.0
P24539,train,4.0
P24666,test,
P24752,train,4.0
P24928,train,1.0
P25098,train,4.0
P25205,train,1.0
P25325,test,
P25398,test,
P25440,train,1.0
P25490,train,1.0
P25705,train,4.0
P25786,train,4.0
P25788,train,1.0
P25789,test,
P26006,train,1.0
P26196,train,2.0
P26232,train,3.0
P26358,train,5.0
P26368,train,5.0
P26373,train,3.0
P26374,test,
P26447,train,5.0
P26640,train,2.0
P26641,train,4.0
P27105,train,4.0
P27144,train,2.0
P27361,train,2.0
P27694,train,2.0
P27695,train,4.0
P27707,train,1.0
P27708,train,4.0
P27797,train,1.0
P27816,train,4.0
P27824,train,3.0
P28062,test,
P28070,train,3.0
P28072,train,5.0
P28288,test,
P28331,train,3.0
P28340,train,3.0
P28702,train,2.0
P28715,test,
P28838,train,2.0
P29083,train,5.0
P29084,train,3.0
P29144,train,2.0
P29401,train,2.0
P29692,train,5.0
P29966,test,
P29992,train,1.0
P30040,train,2.0
P30041,train,1.0
P30044,train,4.0
P30047,train,4.0
P30049,train,3.0
P30050,train,5.0
P30084,train,4.0
P30085,train,3.0
P30086,train,2.0
P30414,test,
P30419,test,
P30519,train,4.0
P30520,train,2.0
P30533,train,5.0
P30566,train,3.0
P30613,test,
P30622,train,4.0
P30740,train,4.0
P30876,train,1.0
P31040,test,
P31150,train,2.0
P31153,train,5.0
P31323,train,2.0
P31350,train,4.0
P31751,train,1.0
P31937,train,2.0
P31939,train,2.0
P31943,train,3.0
P31948,test,
P31949,train,4.0
P32121,train,3.0
P32320,train,1.0
P32780,test,
P32929,test,
P32969,train,1.0
P33316,train,3.0
P33527,train,2.0
P33552,train,4.0
P33897,train,1.0
P33991,test,
P33992,train,4.0
P33993,train,5.0
P34897,train,1.0
P34913,train,2.0
P34949,test,
P35222,train,3.0
P35244,test,
P35249,test,
P35250,train,4.0
P35251,train,5.0
P35268,train,3.0
P35269,test,
P35270,train,1.0
P35527,test,
P35573,train,2.0
P35606,test,
P35610,test,
P35613,train,5.0
P35658,train,4.0
P35659,train,3.0
P35813,train,3.0
P35914,train,5.0
P36405,train,1.0
P36507,train,3.0
P36542,train,4.0
P36543,test,
P36578,train,4.0
P36776,train,3.0
P36871,test,
P36897,test,
P36954,test,
P36957,test,
P37108,test,
P37198,train,2.0
P37235,test,
P37268,train,4.0
P37837,train,1.0
P38117,train,2.0
P38435,test,
P38606,test,
P38646,train,5.0
P38919,test,
P39019,train,3.0
P39748,train,3.0
P39880,train,5.0
P40123,test,
P40222,train,5.0
P40227,train,3.0
P40429,train,3.0
P40763,train,2.0
P40818,test,
P40925,train,4.0
P40926,train,3.0
P40938,train,5.0
P40939,train,5.0
P41091,train,2.0
P41208,train,2.0
P41227,train,5.0
P41236,train,5.0
P41247,train,3.0
P41250,train,1.0
P41252,train,1.0
P41743,train,3.0
P42126,train,1.0
P42166,test,
P42285,train,4.0
P42345,train,5.0
P42356,train,5.0
P42566,train,5.0
P42677,train,2.0
P42684,train,4.0
P42704,test,
P42766,train,3.0
P42773,train,1.0
P42898,train,1.0
P43034,train,3.0
P43121,train,4.0
P43155,test,
P43243,test,
P43246,train,4.0
P43304,train,1.0
P43490,train,1.0
P43897,train,4.0
P45378,train,3.0
P45880,train,2.0
P45973,train,3.0
P45974,train,3.0
P46060,train,1.0
P46063,train,1.0
P46087,train,3.0
P46108,train,1.0
P46199,train,5.0
P46379,train,1.0
P46459,train,3.0
P46736,test,
P46776,train,3.0
P46777,train,3.0
P46778,train,5.0
P46779,train,5.0
P46781,train,5.0
P46782,train,4.0
P46926,train,1.0
P46934,test,
P46937,test,
P46940,train,2.0
P47712,train,2.0
P47755,test,
P47897,train,5.0
P47914,test,
P48047,train,5.0
P48147,train,3.0
P48200,train,1.0
P48444,train,3.0
P48449,test,
P48507,train,1.0
P48509,train,4.0
P48553,train,5.0
P48556,train,5.0
P48634,train,5.0
P48637,train,2.0
P48643,train,5.0
P48651,test,
P48723,train,3.0
P48729,test,
P48735,train,4.0
P48739,train,4.0
P48960,train,5.0
P49023,test,
P49207,test,
P49247,train,1.0
P49257,train,4.0
P49321,train,4.0
P49327,train,1.0
P49418,train,3.0
P49419,test,
P49458,train,1.0
P49585,train,5.0
P49589,train,5.0
P49591,train,3.0
P49641,train,5.0
P49642,test,
P49643,train,5.0
P49662,test,
P49711,train,5.0
P49720,train,3.0
P49721,train,1.0
P49736,test,
P49748,test,
P49750,train,1.0
P49753,train,4.0
P49754,train,3.0
P49755,train,5.0
P49756,train,1.0
P49770,train,4.0
P49773,train,4.0
P49790,test,
P49821,test,
P49902,train,2.0
P49903,train,4.0
P49914,train,1.0
P49915,train,5.0
P49916,train,1.0
P49959,train,3.0
P50135,test,
P50402,train,1.0
P50416,train,2.0
P50443,train,4.0
P50454,test,
P50502,train,3.0
P50542,train,2.0
P50548,train,4.0
P50552,train,2.0
P50579,train,5.0
P50747,test,
P50748,train,5.0
P50914,train,2.0
P50990,train,4.0
P50995,train,3.0
P51003,train,4.0
P51116,train,4.0
P51149,train,5.0
P51398,train,5.0
P51452,train,3.0
P51532,train,5.0
P51570,train,3.0
P51572,train,5.0
P51580,train,5.0
P51610,test,
P51648,train,2.0
P51649,test,
P51659,train,3.0
P51665,test,
P51784,test,
P51809,train,5.0
P51970,train,3.0
P51991,train,4.0
P52209,train,3.0
P52272,train,2.0
P52294,train,2.0
P52298,train,5.0
P52435,train,1.0
P52565,train,5.0
P52594,train,4.0
P52701,train,5.0
P52732,train,5.0
P52735,train,4.0
P52788,train,5.0
P52815,train,4.0
P52948,train,1.0
P53004,train,4.0
P53007,train,1.0
P53041,train,4.0
P53367,train,2.0
P53384,train,3.0
P53396,train,5.0
P53597,train,2.0
P53602,train,3.0
P53609,test,
P53611,test,
P53618,train,1.0
P53621,train,4.0
P53701,train,5.0
P53801,train,3.0
P53804,train,4.0
P53816,train,4.0
P53985,train,1.0
P53990,train,3.0
P53992,train,3.0
P53999,train,3.0
P54136,train,3.0
P54252,train,5.0
P54577,train,2.0
P54578,train,5.0
P54709,train,4.0
P54727,train,5.0
P54819,train,4.0
P54851,train,2.0
P54886,train,4.0
P54920,test,
P55008,train,2.0
P55010,train,1.0
P55011,train,3.0
P55060,train,5.0
P55072,train,1.0
P55081,train,5.0
P55084,test,
P55145,train,2.0
P55209,train,2.0
P55210,train,5.0
P55263,train,5.0
P55265,test,
P55327,test,
P55735,train,4.0
P55769,train,1.0
P55786,train,5.0
P55809,train,5.0
P55854,test,
P55884,train,4.0
P56192,test,
P56199,test,
P56270,train,3.0
P56378,train,4.0
P56385,train,2.0
P56545,train,1.0
P56715,train,1.0
P56937,train,3.0
P56945,train,1.0
P57076,train,4.0
P57081,test,
P57678,train,3.0
P57723,train,4.0
P57740,train,1.0
P58546,test,
P58557,train,4.0
P59998,test,
P60002,train,1.0
P60059,train,1.0
P60228,train,3.0
P60484,train,4.0
P60866,train,5.0
P60896,train,3.0
P60983,train,5.0
P61009,train,4.0
P61011,test,
P61081,test,
P61086,test,
P61158,train,1.0
P61201,test,
P61221,train,4.0
P61247,train,3.0
P61254,train,1.0
P61289,train,1.0
P61313,test,
P61353,train,1.0
P61421,train,2.0
P61457,test,
P61604,train,1.0
P61619,train,1.0
P61758,train,5.0
P61764,train,1.0
P61769,train,4.0
P61916,train,2.0
P61923,train,5.0
P61927,train,5.0
P61964,train,2.0
P61966,train,4.0
P61978,train,5.0
P62072,train,2.0
P62081,train,5.0
P62136,train,1.0
P62191,train,3.0
P62241,train,4.0
P62244,train,3.0
P62249,train,2.0
P62256,train,2.0
P62258,test,
P62263,train,2.0
P62266,train,3.0
P62269,train,3.0
P62273,train,3.0
P62277,train,2.0
P62280,train,3.0
P62304,train,4.0
P62306,test,
P62316,train,4.0
P62318,train,1.0
P62424,train,4.0
P62495,train,1.0
P62633,train,4.0
P62750,train,4.0
P62753,train,1.0
P62805,train,2.0
P62826,train,4.0
P62829,train,2.0
P62841,test,
P62847,train,2.0
P62851,train,2.0
P62854,train,1.0
P62857,test,
P62873,train,1.0
P62877,train,3.0
P62888,train,2.0
P62891,train,2.0
P62899,train,4.0
P62906,train,1.0
P62910,train,5.0
P62913,train,5.0
P62917,train,4.0
P62993,test,
P63167,test,
P63173,train,5.0
P63208,train,2.0
P63220,test,
P63241,train,2.0
P63244,train,5.0
P63272,train,5.0
P63279,test,
P67812,test,
P68400,train,3.0
P68431,train,3.0
P78310,train,1.0
P78316,train,3.0
P78318,train,5.0
P78330,train,3.0
P78344,train,2.0
P78345,train,2.0
P78347,train,4.0
P78406,train,3.0
P78417,test,
P80723,train,2.0
P81274,train,4.0
P82094,train,3.0
P82650,train,5.0
P82663,train,5.0
P82673,train,4.0
P82675,train,2.0
P82914,train,2.0
P82933,test,
P82970,train,3.0
P82979,train,4.0
P83111,train,4.0
P83436,train,2.0
P83731,test,
P83881,train,2.0
P84090,test,
P84098,train,1.0
P98082,train,2.0
P98170,train,4.0
P98173,train,5.0
P98175,train,1.0
P99999,train,1.0
Q00059,train,2.0
Q00325,train,3.0
Q00403,test,
Q00537,train,4.0
Q00577,train,4.0
Q00610,test,
Q00653,test,
Q00688,train,2.0
Q00765,test,
Q00796,train,4.0
Q01081,train,3.0
Q01105,train,1.0
Q01469,test,
Q01581,train,5.0
Q01650,train,3.0
Q01780,train,3.0
Q01804,train,3.0
Q01813,train,3.0
Q01831,test,
Q01844,train,5.0
Q01970,train,1.0
Q02040,test,
Q02127,train,3.0
Q02218,train,2.0
Q02241,train,2.0
Q02252,test,
Q02543,train,4.0
Q02790,test,
Q02818,train,1.0
Q02878,train,2.0
Q02880,train,5.0
Q03135,train,2.0
Q03154,train,5.0
Q03426,train,1.0
Q03468,train,3.0
Q03701,train,4.0
Q04446,test,
Q04637,train,2.0
Q04721,test,
Q04727,train,3.0
Q04760,train,4.0
Q04837,train,1.0
Q04864,train,5.0
Q05086,train,3.0
Q05209,train,4.0
Q05397,train,1.0
Q05519,train,3.0
Q05639,test,
Q05682,test,
Q06124,train,5.0
Q06136,train,5.0
Q06203,train,4.0
Q06210,train,1.0
Q06265,train,3.0
Q06481,train,3.0
Q06546,train,1.0
Q06547,train,3.0
Q06587,train,5.0
Q07020,test,
Q07021,train,4.0
Q07065,train,3.0
Q07157,train,3.0
Q07666,test,
Q07864,train,2.0
Q07960,train,1.0
Q08170,train,5.0
Q08211,test,
Q08257,train,1.0
Q08378,train,1.0
Q08379,train,3.0
Q08623,train,1.0
Q08752,train,4.0
Q08945,train,4.0
Q08AM6,train,4.0
Q08J23,test,
Q09028,train,5.0
Q09161,train,2.0
Q0IIM8,test,
Q0JRZ9,train,4.0
Q0PNE2,train,5.0
Q0VDF9,test,
Q0VDG4,train,1.0
Q10471,train,1.0
Q10570,train,1.0
Q10713,train,4.0
Q12768,train,5.0
Q12769,train,1.0
Q12788,test,
Q12789,train,1.0
Q12792,train,5.0
Q12797,train,5.0
Q12816,train,5.0
Q12834,train,3.0
Q12840,train,5.0
Q12849,train,4.0
Q12873,train,4.0
Q12874,train,1.0
Q12888,train,5.0
Q12904,train,4.0
Q12905,train,3.0
Q12906,train,1.0
Q12907,train,1.0
Q12929,train,3.0
Q12933,test,
Q12959,test,
Q12965,train,3.0
Q12972,train,1.0
Q12979,train,1.0
Q12996,train,1.0
Q13011,train,5.0
Q13017,test,
Q13033,train,2.0
Q13042,train,4.0
Q13045,train,2.0
Q13049,train,4.0
Q13057,test,
Q13084,train,5.0
Q13098,train,3.0
Q13123,train,3.0
Q13126,train,2.0
Q13131,train,5.0
Q13137,test,
Q13144,train,3.0
Q13148,train,2.0
Q13155,train,4.0
Q13158,train,4.0
Q13162,train,3.0
Q13177,train,2.0
Q13188,train,5.0
Q13191,train,1.0
Q13200,test,
Q13206,train,5.0
Q13217,train,1.0
Q13227,train,4.0
Q13228,train,3.0
Q13242,train,4.0
Q13263,train,2.0
Q13287,train,5.0
Q13310,train,4.0
Q13325,train,4.0
Q13347,train,4.0
Q13356,train,2.0
Q13371,train,1.0
Q13395,train,5.0
Q13405,train,5.0
Q13409,test,
Q13416,train,3.0
Q13418,train,1.0
Q13423,train,2.0
Q13428,train,1.0
Q13435,train,1.0
Q13439,train,3.0
Q13442,train,1.0
Q13459,train,3.0
Q13472,train,2.0
Q13485,train,2.0
Q13490,train,5.0
Q13492,train,4.0
Q13501,train,4.0
Q13523,train,3.0
Q13526,train,4.0
Q13535,train,1.0
Q13554,train,4.0
Q13561,test,
Q13569,test,
Q13573,train,2.0
Q13586,train,1.0
Q13595,train,2.0
Q13596,test,
Q13601,train,4.0
Q13610,train,5.0
Q13616,train,1.0
Q13617,train,2.0
Q13618,train,5.0
Q13620,train,1.0
Q13630,train,3.0
Q13637,test,
Q13642,train,3.0
Q13724,train,4.0
Q13740,train,5.0
Q13813,train,4.0
Q13823,test,
Q13867,train,1.0
Q13895,test,
Q13901,train,5.0
Q13907,train,1.0
Q13952,train,3.0
Q14004,train,2.0
Q14008,train,2.0
Q14019,train,5.0
Q14061,train,4.0
Q14108,train,5.0
Q14116,train,5.0
Q14118,train,4.0
Q14119,train,5.0
Q14126,train,4.0
Q14134,train,5.0
Q14139,train,3.0
Q14146,test,
Q14151,train,3.0
Q14152,train,4.0
Q14155,train,5.0
Q14181,train,5.0
Q14197,train,2.0
Q14203,train,5.0
Q14232,test,
Q14244,train,4.0
Q14247,train,3.0
Q14254,train,1.0
Q14258,train,1.0
Q14318,train,5.0
Q14320,train,3.0
Q14376,train,3.0
Q14444,train,1.0
Q14498,train,1.0
Q14527,train,2.0
Q14534,test,
Q14554,train,2.0
Q14562,train,2.0
Q14566,train,3.0
Q14642,train,4.0
Q14657,test,
Q14671,train,4.0
Q14677,test,
Q14683,train,2.0
Q14684,train,1.0
Q14690,train,5.0
Q14692,test,
Q14694,train,4.0
Q14697,train,5.0
Q14714,train,4.0
Q14738,train,1.0
Q14739,test,
Q14764,train,5.0
Q14807,train,1.0
Q14847,train,3.0
Q14914,train,4.0
Q14966,train,5.0
Q14974,train,1.0
Q14978,train,2.0
Q14980,train,2.0
Q14BN4,train,2.0
Q14C86,train,2.0
Q14CX7,train,4.0
Q15003,train,4.0
Q15004,train,2.0
Q15005,train,1.0
Q15007,train,5.0
Q15008,train,2.0
Q15018,train,5.0
Q15020,train,4.0
Q15021,train,2.0
Q15029,train,2.0
Q15031,test,
Q15036,test,
Q15041,train,2.0
Q15042,train,5.0
Q15046,train,2.0
Q15050,train,1.0
Q15054,train,1.0
Q15056,train,2.0
Q15057,train,1.0
Q15058,train,1.0
Q15061,train,4.0
Q15067,train,4.0
Q15075,train,1.0
Q15084,train,2.0
Q15121,train,5.0
Q15125,train,5.0
Q15126,train,3.0
Q15165,train,2.0
Q15185,train,2.0
Q15208,test,
Q15257,test,
Q15269,train,2.0
Q15274,test,
Q15276,train,1.0
Q15287,train,1.0
Q15293,test,
Q15311,train,4.0
Q15345,test,
Q15361,test,
Q15363,train,2.0
Q15369,train,2.0
Q15370,train,1.0
Q15382,train,1.0
Q15388,train,4.0
Q15392,train,3.0
Q15393,train,4.0
Q15397,train,1.0
Q15404,test,
Q15417,train,2.0
Q15427,train,1.0
Q15428,train,5.0
Q15435,test,
Q15437,train,1.0
Q15459,train,4.0
Q15528,train,3.0
Q15545,train,4.0
Q15555,train,2.0
Q15629,train,4.0
Q15631,train,2.0
Q15637,test,
Q15643,test,
Q15649,train,5.0
Q15650,train,1.0
Q15652,train,1.0
Q15653,train,2.0
Q15714,train,1.0
Q15738,train,2.0
Q15758,train,3.0
Q15785,test,
Q15800,train,5.0
Q15813,test,
Q15818,test,
Q16134,train,3.0
Q16186,train,5.0
Q16204,test,
Q16222,train,3.0
Q16352,train,1.0
Q16401,test,
Q16513,train,3.0
Q16514,train,5.0
Q16531,train,4.0
Q16543,train,4.0
Q16555,test,
Q16630,train,1.0
Q16637,test,
Q16643,test,
Q16658,train,3.0
Q16666,test,
Q16718,train,2.0
Q16795,train,4.0
Q16798,train,4.0
Q16822,test,
Q16836,test,
Q16851,test,
Q16891,train,5.0
Q17R31,test,
Q1ED39,train,5.0
Q27J81,train,2.0
Q2KHR3,train,2.0
Q2M389,train,3.0
Q2NKX8,train,5.0
Q2NL82,train,5.0
Q2TAL8,train,3.0
Q2TAY7,train,1.0
Q2TBE0,train,2.0
Q2VIQ3,test,
Q2VPK5,train,2.0
Q32MZ4,train,1.0
Q32P28,train,4.0
Q3KRA6,train,1.0
Q3LXA3,train,4.0
Q3MHD2,train,4.0
Q3SXM5,train,2.0
Q3ZCQ8,train,5.0
Q49A26,train,1.0
Q4G0J3,train,5.0
Q4G148,train,4.0
Q4J6C6,test,
Q4KMQ2,train,1.0
Q4U2R6,train,2.0
Q4V328,train,2.0
Q4VC31,train,3.0
Q4ZIN3,train,2.0
Q52LJ0,train,3.0
Q53EL6,train,1.0
Q53EZ4,test,
Q53F19,test,
Q53FV1,test,
Q53GQ0,train,5.0
Q53GS7,train,3.0
Q53GS9,test,
Q53H12,test,
Q53H82,train,5.0
Q53S33,train,4.0
Q567U6,train,1.0
Q56P03,train,1.0
Q56UN5,train,5.0
Q56VL3,train,1.0
Q58FF6,train,1.0
Q58FF7,train,3.0
Q58FF8,test,
Q58FG1,train,2.0
Q5BJD5,train,1.0
Q5BJF2,test,
Q5BJF6,train,2.0
Q5BKT4,train,5.0
Q5BKZ1,train,3.0
Q5F1R6,train,5.0
Q5GLZ8,test,
Q5H9R7,train,3.0
Q5HYI8,train,3.0
Q5JPE7,train,2.0
Q5JPH6,test,
Q5JRA6,train,1.0
Q5JRX3,train,5.0
Q5JSH3,train,1.0
Q5JTH9,test,
Q5JTV8,train,3.0
Q5JU85,train,5.0
Q5JUR7,train,1.0
Q5JVF3,test,
Q5JWF2,train,5.0
Q5MIZ7,train,5.0
Q5MNZ6,test,
Q5NE16,train,2.0
Q5PSV4,train,4.0
Q5QJE6,train,2.0
Q5R3I4,train,3.0
Q5SRE5,test,
Q5SSJ5,test,
Q5SW79,train,4.0
Q5SY16,train,2.0
Q5T1C6,train,5.0
Q5T1M5,train,5.0
Q5T200,train,1.0
Q5T280,train,3.0
Q5T2W1,train,2.0
Q5T3I0,train,5.0
Q5T3J3,train,4.0
Q5T447,train,5.0
Q5T5Y3,train,4.0
Q5T653,train,4.0
Q5T655,test,
Q5T6F2,train,5.0
Q5T6V5,train,4.0
Q5T8P6,train,1.0
Q5T9A4,train,1.0
Q5T9S5,train,4.0
Q5TA50,train,3.0
Q5TBB1,train,3.0
Q5TC12,train,3.0
Q5TFE4,train,3.0
Q5TKA1,train,5.0
Q5U3C3,train,3.0
Q5UIP0,train,1.0
Q5VIR6,test,
Q5VSL9,train,2.0
Q5VT25,train,1.0
Q5VT52,train,5.0
Q5VTB9,train,4.0
Q5VTL8,train,4.0
Q5VU43,train,2.0
Q5VUA4,train,5.0
Q5VV42,test,
Q5VW32,test,
Q5VW38,train,1.0
Q5VWI1,test,
Q5VWJ9,test,
Q5VYK3,test,
Q5VYS8,train,2.0
Q5VZL5,train,1.0
Q5VZM2,train,4.0
Q5W0B1,train,3.0
Q5W0V3,train,4.0
Q5XKP0,test,
Q641Q2,train,5.0
Q66K14,train,5.0
Q66LE6,train,4.0
Q676U5,train,5.0
Q68CP9,test,
Q68CZ6,train,5.0
Q68E01,train,3.0
Q68EM7,train,4.0
Q69YN4,train,5.0
Q6AHZ1,train,1.0
Q6DN03,train,3.0
Q6FI81,train,3.0
Q6GMV2,train,4.0
Q6I9Y2,train,5.0
Q6IA86,train,5.0
Q6IQ23,train,4.0
Q6MZM0,train,2.0
Q6NUK1,train,5.0
Q6NUM9,train,5.0
Q6NUQ1,train,2.0
Q6NUQ4,train,5.0
Q6NVY1,train,1.0
Q6NXE6,train,5.0
Q6NXR4,train,1.0
Q6NYC1,train,5.0
Q6NZI2,train,3.0
Q6P1J9,test,
Q6P1M0,test,
Q6P1N0,test,
Q6P1N9,train,4.0
Q6P1Q9,train,5.0
Q6P2C8,train,2.0
Q6P2E9,train,1.0
Q6P2H3,train,2.0
Q6P2Q9,test,
Q6P3W7,train,5.0
Q6P3X3,train,3.0
Q6P4E1,train,1.0
Q6P6C2,test,
Q6P996,test,
Q6PCB5,train,4.0
Q6PD62,train,5.0
Q6PD74,test,
Q6PGP7,train,5.0
Q6PI48,train,3.0
Q6PID6,train,5.0
Q6PII3,train,1.0
Q6PIU2,test,
Q6PJ69,train,5.0
Q6PJT7,test,
Q6PKG0,train,1.0
Q6PL18,train,3.0
Q6Q0C0,train,2.0
Q6QNY1,train,2.0
Q6R327,train,1.0
Q6SJ93,train,2.0
Q6UB35,train,3.0
Q6UN15,train,5.0
Q6UVJ0,train,3.0
Q6UWE0,train,5.0
Q6UX04,train,4.0
Q6UXN9,train,2.0
Q6VMQ6,train,4.0
Q6VY07,train,1.0
Q6WCQ1,train,2.0
Q6WKZ4,test,
Q6Y1H2,train,2.0
Q6Y7W6,test,
Q6YN16,test,
Q6YP21,test,
Q6ZRP7,train,3.0
Q6ZT77,train,4.0
Q6ZWJ1,train,3.0
Q6ZXV5,train,1.0
Q70E73,train,2.0
Q70HW3,train,4.0
Q70J99,train,5.0
Q70UQ0,train,4.0
Q70Z53,test,
Q712K3,test,
Q71H61,test,
Q71RC2,test,
Q7KZ85,train,5.0
Q7KZF4,train,1.0
Q7KZI7,test,
Q7KZN9,train,3.0
Q7L014,train,3.0
Q7L0Y3,train,1.0
Q7L1Q6,train,3.0
Q7L2E3,train,3.0
Q7L2H7,train,3.0
Q7L3B6,train,2.0
Q7L4I2,train,4.0
Q7L592,train,4.0
Q7L5D6,train,3.0
Q7L5N1,train,2.0
Q7L5Y9,train,2.0
Q7L7X3,test,
Q7LBC6,test,
Q7LBR1,train,1.0
Q7RTV0,train,4.0
Q7Z2K6,train,5.0
Q7Z2T5,train,4.0
Q7Z2W4,train,2.0
Q7Z2W9,train,4.0
Q7Z2Z2,test,
Q7Z3B4,train,1.0
Q7Z3E2,test,
Q7Z3K3,train,3.0
Q7Z3U7,train,2.0
Q7Z406,train,1.0
Q7Z417,train,3.0
Q7Z460,train,1.0
Q7Z478,test,
Q7Z4G4,train,3.0
Q7Z4H7,train,5.0
Q7Z4H8,train,4.0
Q7Z4I7,train,4.0
Q7Z4Q2,test,
Q7Z4S6,train,4.0
Q7Z4V5,train,1.0
Q7Z569,train,2.0
Q7Z5K2,train,5.0
Q7Z6B0,train,5.0
Q7Z6B7,test,
Q7Z6E9,train,4.0
Q7Z6M1,train,3.0
Q7Z739,train,2.0
Q7Z7A1,train,4.0
Q7Z7E8,train,4.0
Q7Z7K0,test,
Q7Z7K6,test,
Q86SF2,train,1.0
Q86TB9,train,5.0
Q86TI2,test,
Q86TU7,train,2.0
Q86U42,train,4.0
Q86U44,train,3.0
Q86UD0,train,2.0
Q86UE4,train,5.0
Q86UE8,train,3.0
Q86UK7,train,3.0
Q86UP2,train,5.0
Q86UT8,test,
Q86V21,test,
Q86V48,train,4.0
Q86V81,train,1.0
Q86VM9,test,
Q86VN1,train,4.0
Q86VP1,test,
Q86VU5,train,3.0
Q86W50,test,
Q86W92,train,5.0
Q86WA8,train,5.0
Q86WB0,test,
Q86WJ1,train,5.0
Q86WR0,train,4.0
Q86X10,train,5.0
Q86X27,train,1.0
Q86X55,train,2.0
Q86XA9,train,1.0
Q86XI2,train,2.0
Q86XP3,train,3.0
Q86Y37,train,5.0
Q86Y56,train,2.0
Q86YP4,train,2.0
Q8IU85,test,
Q8IUC4,train,3.0
Q8IUD2,train,5.0
Q8IUD6,train,5.0
Q8IUF8,train,5.0
Q8IV38,train,4.0
Q8IV48,train,1.0
Q8IVF6,train,3.0
Q8IVI9,train,2.0
Q8IVM0,train,5.0
Q8IVT2,train,3.0
Q8IW35,test,
Q8IWA0,train,2.0
Q8IWB7,train,5.0
Q8IWB9,train,1.0
Q8IWC1,train,2.0
Q8IWE2,train,4.0
Q8IWJ2,test,
Q8IWL3,train,1.0
Q8IWS0,train,1.0
Q8IWX8,train,3.0
Q8IX01,train,1.0
Q8IX03,train,4.0
Q8IX12,test,
Q8IXB1,train,1.0
Q8IXH7,train,5.0
Q8IXI1,test,
Q8IXJ6,train,4.0
Q8IXM3,train,3.0
Q8IXT5,train,2.0
Q8IY18,train,4.0
Q8IY37,train,1.0
Q8IY63,train,2.0
Q8IY81,train,2.0
Q8IYB3,train,3.0
Q8IYB8,test,
Q8IYD1,train,1.0
Q8IYE0,train,2.0
Q8IYH5,train,5.0
Q8IYI6,test,
Q8IYU8,test,
Q8IZ21,train,4.0
Q8IZH2,train,2.0
Q8IZL8,train,1.0
Q8N0X7,test,
Q8N163,test,
Q8N183,test,
Q8N1F7,train,1.0
Q8N1G2,train,3.0
Q8N1G4,train,4.0
Q8N1W1,train,2.0
Q8N201,train,5.0
Q8N2F6,train,3.0
Q8N3C0,train,1.0
Q8N3D4,train,2.0
Q8N3X1,train,4.0
Q8N4H5,train,2.0
Q8N4P3,train,2.0
Q8N4V1,train,1.0
Q8N543,train,3.0
Q8N5I9,test,
Q8N5K1,test,
Q8N5M4,train,1.0
Q8N5N7,train,5.0
Q8N684,train,1.0
Q8N6G6,train,1.0
Q8N6M0,train,4.0
Q8N6M3,train,3.0
Q8N6R0,train,4.0
Q8N6T3,train,4.0
Q8N6T7,train,3.0
Q8N6V9,train,2.0
Q8N7H5,train,4.0
Q8N806,train,4.0
Q8N884,train,3.0
Q8N8S7,train,2.0
Q8N983,train,3.0
Q8N999,train,5.0
Q8NA47,test,
Q8NA72,test,
Q8NAV1,test,
Q8NB16,train,2.0
Q8NBF2,train,2.0
Q8NBI5,train,3.0
Q8NBJ4,train,4.0
Q8NBJ5,train,5.0
Q8NBN3,test,
Q8NBS9,train,4.0
Q8NBU5,train,1.0
Q8NC51,train,2.0
Q8NC60,train,1.0
Q8NCG7,train,1.0
Q8ND24,test,
Q8ND56,train,5.0
Q8ND76,train,2.0
Q8NDD1,test,
Q8NDF8,train,2.0
Q8NDI1,train,1.0
Q8NDT2,train,5.0
Q8NE71,train,2.0
Q8NE86,train,1.0
Q8NEJ9,train,5.0
Q8NEM0,train,1.0
Q8NEM2,train,3.0
Q8NEN9,train,3.0
Q8NEY8,train,1.0
Q8NEZ5,test,
Q8NF37,test,
Q8NFH3,train,5.0
Q8NFH4,train,3.0
Q8NFJ5,test,
Q8NFQ8,train,1.0
Q8NFW8,train,3.0
Q8NFX7,train,5.0
Q8NG31,test,
Q8NHH9,train,5.0
Q8NHP6,train,2.0
Q8NHQ9,test,
Q8NHU6,train,2.0
Q8NHV4,test,
Q8NI22,train,5.0
Q8NI27,test,
Q8NI35,train,4.0
Q8TAA9,test,
Q8TAD4,train,3.0
Q8TAE8,train,2.0
Q8TAQ2,train,1.0
Q8TAT6,test,
Q8TB36,test,
Q8TBA6,test,
Q8TBF4,train,3.0
Q8TBN0,test,
Q8TBX8,test,
Q8TC07,train,5.0
Q8TCD5,train,3.0
Q8TCG1,train,4.0
Q8TCJ2,train,3.0
Q8TCS8,test,
Q8TCT9,test,
Q8TCY9,train,5.0
Q8TDB6,train,5.0
Q8TDD1,train,1.0
Q8TDM6,train,1.0
Q8TDN6,train,5.0
Q8TEA1,train,4.0
Q8TED0,train,5.0
Q8TED1,train,4.0
Q8TEQ6,train,1.0
Q8TEW8,train,4.0
Q8TEY7,train,3.0
Q8TF05,train,4.0
Q8TF42,test,
Q8TF46,train,4.0
Q8WTT2,train,1.0
Q8WU10,train,1.0
Q8WU90,train,1.0
Q8WUA2,train,3.0
Q8WUD4,train,3.0
Q8WUF5,train,1.0
Q8WUM0,train,5.0
Q8WUM4,train,3.0
Q8WUX2,test,
Q8WV22,train,4.0
Q8WVJ2,train,5.0
Q8WVK2,train,2.0
Q8WVM0,train,5.0
Q8WVM7,train,2.0
Q8WVX9,train,1.0
Q8WVY7,train,3.0
Q8WWC4,train,1.0
Q8WWI1,train,1.0
Q8WWM7,train,3.0
Q8WWV3,train,5.0
Q8WWY3,train,4.0
Q8WX92,train,5.0
Q8WX93,test,
Q8WXD5,train,2.0
Q8WXE1,train,5.0
Q8WXI9,train,3.0
Q8WXW3,train,3.0
Q8WXX5,train,5.0
Q8WY22,train,3.0
Q8WYA6,test,
Q8WYP5,train,2.0
Q8WZ82,test,
Q8WZA0,test,
Q92481,test,
Q92499,train,5.0
Q92504,train,3.0
Q92522,train,5.0
Q92530,train,5.0
Q92535,train,1.0
Q92541,train,2.0
Q92542,test,
Q92547,train,3.0
Q92552,train,5.0
Q92574,train,3.0
Q92575,train,2.0
Q92576,train,3.0
Q92598,train,1.0
Q92604,test,
Q92614,train,4.0
Q92620,test,
Q92621,train,5.0
Q92643,train,1.0
Q92665,train,4.0
Q92667,train,3.0
Q92688,train,3.0
Q92733,train,2.0
Q92734,train,5.0
Q92769,test,
Q92783,train,1.0
Q92793,train,1.0
Q92797,train,3.0
Q92804,train,3.0
Q92805,train,2.0
Q92817,test,
Q92820,train,1.0
Q92841,train,2.0
Q92845,train,4.0
Q92878,test,
Q92888,train,2.0
Q92889,test,
Q92890,train,3.0
Q92896,train,1.0
Q92900,train,2.0
Q92901,train,3.0
Q92905,train,1.0
Q92917,train,2.0
Q92945,train,5.0
Q92973,train,3.0
Q92974,train,2.0
Q93009,test,
Q93034,train,1.0
Q93045,train,2.0
Q93050,test,
Q93052,train,5.0
Q969F1,train,2.0
Q969G3,train,4.0
Q969G6,train,3.0
Q969H8,train,4.0
Q969Q4,train,2.0
Q969S3,train,1.0
Q969U7,test,
Q969V3,test,
Q969X5,train,5.0
Q969X6,train,5.0
Q969Z0,train,2.0
Q96A26,train,2.0
Q96A33,train,1.0
Q96A35,train,4.0
Q96A49,train,3.0
Q96A72,test,
Q96AC1,train,3.0
Q96AG4,train,5.0
Q96AQ8,train,1.0
Q96AT1,train,2.0
Q96AY3,train,4.0
Q96AY4,train,5.0
Q96B26,train,5.0
Q96B97,test,
Q96BD8,train,3.0
Q96BJ3,test,
Q96BN2,train,4.0
Q96BN8,train,5.0
Q96BP3,test,
Q96BR5,train,3.0
Q96C01,train,4.0
Q96C19,train,2.0
Q96C36,train,3.0
Q96C57,train,4.0
Q96C86,train,4.0
Q96CS3,train,1.0
Q96CT7,test,
Q96CV9,train,3.0
Q96CW1,train,1.0
Q96D46,train,3.0
Q96D71,train,2.0
Q96DB5,train,3.0
Q96DG6,test,
Q96DI7,train,3.0
Q96DV4,train,5.0
Q96DZ1,train,3.0
Q96E11,train,1.0
Q96E29,train,2.0
Q96EA4,test,
Q96EB6,train,1.0
Q96EC8,test,
Q96EE3,train,4.0
Q96EK5,test,
Q96EK6,test,
Q96EL3,train,1.0
Q96EP5,train,4.0
Q96ER9,train,2.0
Q96ES7,train,1.0
Q96EX1,test,
Q96EY1,train,5.0
Q96EY4,train,2.0
Q96EY7,test,
Q96EY8,train,1.0
Q96F07,train,1.0
Q96F24,train,3.0
Q96F86,train,3.0
Q96FQ6,train,3.0
Q96FV9,train,1.0
Q96FW1,train,4.0
Q96FZ2,test,
Q96G01,train,5.0
Q96G03,train,4.0
Q96G23,train,1.0
Q96G25,train,2.0
Q96G46,train,1.0
Q96G74,train,3.0
Q96GA3,train,2.0
Q96GC5,test,
Q96GM5,train,5.0
Q96HA1,train,5.0
Q96HC4,train,1.0
Q96HH6,test,
Q96HS1,train,4.0
Q96HY6,test,
Q96HY7,test,
Q96I25,train,2.0
Q96I59,train,4.0
Q96II8,train,2.0
Q96IJ6,train,4.0
Q96IX5,test,
Q96IZ0,train,1.0
Q96J01,test,
Q96J02,train,4.0
Q96JB2,test,
Q96JB5,train,3.0
Q96JG6,train,3.0
Q96JJ7,train,5.0
Q96K76,train,4.0
Q96KB5,test,
Q96KG9,train,2.0
Q96KM6,train,4.0
Q96KN7,train,3.0
Q96KP1,train,5.0
Q96KP4,test,
Q96KR1,train,3.0
Q96L92,train,5.0
Q96LA8,train,3.0
Q96M27,test,
Q96M83,train,1.0
Q96M96,train,2.0
Q96ME7,train,4.0
Q96MU7,test,
Q96MW1,test,
Q96NB3,test,
Q96NC0,train,2.0
Q96ND0,test,
Q96P11,train,5.0
Q96P48,train,4.0
Q96P70,train,1.0
Q96PC5,train,1.0
Q96PK6,train,1.0
Q96PU4,test,
Q96PU8,train,1.0
Q96PZ0,test,
Q96Q11,train,4.0
Q96Q83,train,2.0
Q96QC0,train,2.0
Q96QD5,train,4.0
Q96QD8,test,
Q96QE5,train,3.0
Q96QK1,train,1.0
Q96QU8,train,2.0
Q96R06,test,
Q96RP9,train,5.0
Q96RQ1,test,
Q96RT7,train,3.0
Q96RU2,train,1.0
Q96RU3,train,5.0
Q96RY7,test,
Q96S52,test,
Q96S55,train,3.0
Q96S66,train,4.0
Q96SB4,train,3.0
Q96SK2,train,5.0
Q96SN8,train,5.0
Q96ST2,train,1.0
Q96ST3,test,
Q96SU4,test,
Q96SZ6,train,2.0
Q96T17,train,3.0
Q96T23,train,5.0
Q96T37,train,1.0
Q96T51,train,3.0
Q96T76,train,5.0
Q96TA1,train,1.0
Q96TA2,train,5.0
Q96TC7,train,1.0
Q99417,test,
Q99426,train,5.0
Q99436,train,5.0
Q99442,train,3.0
Q99459,train,2.0
Q99460,train,4.0
Q99471,train,2.0
Q99497,train,1.0
Q99536,train,2.0
Q99541,test,
Q99543,train,5.0
Q99567,test,
Q99575,train,3.0
Q99584,train,3.0
Q99590,train,4.0
Q99598,train,5.0
Q99614,test,
Q99615,train,5.0
Q99623,train,1.0
Q99633,train,4.0
Q99653,train,2.0
Q99685,train,1.0
Q99700,train,5.0
Q99707,train,2.0
Q99714,train,1.0
Q99747,train,4.0
Q99757,train,2.0
Q99784,train,2.0
Q99798,train,4.0
Q99805,train,4.0
Q99808,train,4.0
Q99832,train,4.0
Q99848,train,3.0
Q99961,train,4.0
Q99986,train,5.0
Q9BPX3,train,3.0
Q9BPX5,train,2.0
Q9BPX6,train,2.0
Q9BQ15,test,
Q9BQ52,train,3.0
Q9BQ61,test,
Q9BQ69,test,
Q9BQ75,train,1.0
Q9BQG0,train,3.0
Q9BQG2,train,2.0
Q9BQP7,test,
Q9BR61,train,2.0
Q9BR76,train,5.0
Q9BRJ2,train,4.0
Q9BRK5,train,3.0
Q9BRL6,train,5.0
Q9BRP8,train,3.0
Q9BRQ8,train,4.0
Q9BRS2,train,3.0
Q9BRT6,train,3.0
Q9BRU9,test,
Q9BRX2,test,
Q9BRX5,train,3.0
Q9BRX8,train,4.0
Q9BS16,train,5.0
Q9BS26,train,4.0
Q9BSC4,train,2.0
Q9BSH4,train,2.0
Q9BSJ2,train,3.0
Q9BSJ8,train,3.0
Q9BSM1,train,1.0
Q9BSR8,test,
Q9BT73,train,5.0
Q9BT78,train,3.0
Q9BTC0,test,
Q9BTE3,train,5.0
Q9BTT4,train,4.0
Q9BTU6,train,5.0
Q9BTV4,train,4.0
Q9BTW9,train,2.0
Q9BUJ2,test,
Q9BUK6,test,
Q9BUL8,train,3.0
Q9BUP3,train,5.0
Q9BUQ8,train,5.0
Q9BV38,train,4.0
Q9BV57,train,1.0
Q9BV81,train,2.0
Q9BVC6,train,3.0
Q9BVI4,test,
Q9BVJ6,train,4.0
Q9BVK2,train,4.0
Q9BVK6,train,3.0
Q9BVL2,train,2.0
Q9BVP2,train,5.0
Q9BW27,train,5.0
Q9BW71,train,3.0
Q9BW72,train,5.0
Q9BW83,train,1.0
Q9BW85,train,2.0
Q9BW91,train,2.0
Q9BWF3,train,3.0
Q9BWS9,train,1.0
Q9BWW8,train,3.0
Q9BXB4,train,2.0
Q9BXJ9,train,1.0
Q9BXP5,train,4.0
Q9BXS5,train,5.0
Q9BXS6,train,3.0
Q9BXW6,train,1.0
Q9BXW7,train,2.0
Q9BXW9,test,
Q9BXY0,train,3.0
Q9BY08,train,1.0
Q9BY32,train,1.0
Q9BY42,test,
Q9BY44,train,3.0
Q9BY77,test,
Q9BY89,train,1.0
Q9BYD2,train,1.0
Q9BYD6,train,2.0
Q9BYG3,train,2.0
Q9BYT8,train,1.0
Q9BYW2,train,4.0
Q9BYX2,train,4.0
Q9BZD4,test,
Q9BZE1,train,2.0
Q9BZE4,test,
Q9BZF1,train,2.0
Q9BZF9,train,1.0
Q9BZG1,train,2.0
Q9BZH6,train,5.0
Q9BZI7,train,2.0
Q9BZJ0,test,
Q9BZV1,train,3.0
Q9BZX2,test,
Q9BZZ5,train,2.0
Q9C005,test,
Q9C0B5,train,2.0
Q9C0C2,train,4.0
Q9C0C9,train,4.0
Q9C0D5,train,5.0
Q9C0E2,train,3.0
Q9GZL7,test,
Q9GZP4,train,3.0
Q9GZQ3,train,3.0
Q9GZR2,train,5.0
Q9GZR7,train,4.0
Q9GZS1,train,2.0
Q9GZS3,train,2.0
Q9GZT3,test,
Q9GZT9,train,3.0
Q9GZU8,train,2.0
Q9GZY8,train,5.0
Q9GZZ1,train,3.0
Q9GZZ9,train,1.0
Q9H000,train,1.0
Q9H074,train,2.0
Q9H078,train,1.0
Q9H081,train,5.0
Q9H089,test,
Q9H0A0,train,5.0
Q9H0A8,train,2.0
Q9H0B6,train,2.0
Q9H0C8,train,4.0
Q9H0D6,test,
Q9H0E3,train,3.0
Q9H0F6,train,4.0
Q9H0H5,train,5.0
Q9H0W9,train,2.0
Q9H1A4,train,2.0
Q9H1I8,train,3.0
Q9H1K0,train,5.0
Q9H1K1,test,
Q9H1Y0,train,5.0
Q9H201,train,4.0
Q9H254,train,3.0
Q9H267,train,2.0
Q9H269,train,1.0
Q9H270,train,4.0
Q9H2D1,train,4.0
Q9H2F9,train,4.0
Q9H2G2,test,
Q9H2J4,train,2.0
Q9H2L5,train,2.0
Q9H2M9,train,3.0
Q9H2U1,train,3.0
Q9H2U2,train,3.0
Q9H307,test,
Q9H3H5,train,2.0
Q9H3K2,train,4.0
Q9H3P2,train,4.0
Q9H3P7,test,
Q9H3Q1,train,3.0
Q9H3R2,test,
Q9H3S7,train,1.0
Q9H3U1,train,4.0
Q9H3U5,train,5.0
Q9H3Z4,train,5.0
Q9H444,train,4.0
Q9H467,train,4.0
Q9H479,train,1.0
Q9H4A3,train,2.0
Q9H4A4,test,
Q9H4A6,train,2.0
Q9H4L7,train,2.0
Q9H501,train,2.0
Q9H553,train,2.0
Q9H583,train,1.0
Q9H5Q4,test,
Q9H633,train,5.0
Q9H6E5,train,5.0
Q9H6F5,train,5.0
Q9H6H4,train,1.0
Q9H6R4,train,1.0
Q9H6S0,train,1.0
Q9H6S3,train,1.0
Q9H6T0,test,
Q9H6T3,train,3.0
Q9H6U8,train,1.0
Q9H6W3,train,2.0
Q9H6Z4,train,4.0
Q9H788,train,3.0
Q9H7B2,train,5.0
Q9H7D0,test,
Q9H7E2,train,2.0
Q9H7Z7,test,
Q9H814,train,5.0
Q9H832,test,
Q9H875,train,5.0
Q9H8H0,test,
Q9H8H2,train,5.0
Q9H8M5,train,5.0
Q9H8Y8,train,5.0
Q9H900,train,3.0
Q9H910,train,4.0
Q9H936,train,4.0
Q9H967,train,3.0
Q9H993,train,2.0
Q9H9A6,train,3.0
Q9H9B4,test,
Q9H9C1,train,4.0
Q9H9E3,test,
Q9H9L3,test,
Q9H9P8,test,
Q9H9T3,test,
Q9HA77,test,
Q9HAU5,test,
Q9HAV4,train,1.0
Q9HAV7,test,
Q9HB40,test,
Q9HB71,train,5.0
Q9HBH0,train,4.0
Q9HBL7,train,3.0
Q9HBL8,test,
Q9HBM1,train,5.0
Q9HC07,train,5.0
Q9HC21,train,5.0
Q9HC35,train,1.0
Q9HC36,train,3.0
Q9HC38,test,
Q9HC98,test,
Q9HCC0,train,4.0
Q9HCD5,train,5.0
Q9HCE1,test,
Q9HCL2,train,3.0
Q9HCS7,train,2.0
Q9HCU5,train,1.0
Q9HD26,train,4.0
Q9HD33,train,5.0
Q9HD34,train,1.0
Q9HD67,test,
Q9HDC9,test,
Q9NP58,train,3.0
Q9NP66,test,
Q9NP79,train,2.0
Q9NP80,train,3.0
Q9NPA3,train,4.0
Q9NPA8,train,2.0
Q9NPE3,train,3.0
Q9NPF5,test,
Q9NPF8,train,3.0
Q9NPJ6,train,5.0
Q9NPL8,train,3.0
Q9NPQ8,train,4.0
Q9NQ55,train,3.0
Q9NQ88,train,5.0
Q9NQC3,train,3.0
Q9NQG5,train,5.0
Q9NQP4,train,5.0
Q9NQS7,train,5.0
Q9NQT4,train,1.0
Q9NQV7,train,3.0
Q9NQW6,train,5.0
Q9NQW7,train,2.0
Q9NQX3,train,1.0
Q9NQZ2,train,3.0
Q9NR12,train,5.0
Q9NR28,train,1.0
Q9NR30,train,1.0
Q9NR31,train,4.0
Q9NR33,test,
Q9NR45,test,
Q9NR46,train,4.0
Q9NR50,test,
Q9NR56,train,3.0
Q9NRF9,train,3.0
Q9NRG0,train,5.0
Q9NRG1,train,4.0
Q9NRG4,train,4.0
Q9NRH2,train,5.0
Q9NRK6,train,3.0
Q9NRL2,test,
Q9NRN7,train,2.0
Q9NRN9,train,5.0
Q9NRS6,train,4.0
Q9NRV9,train,5.0
Q9NRW7,test,
Q9NRX2,train,1.0
Q9NRX4,test,
Q9NRY2,train,2.0
Q9NRZ9,train,2.0
Q9NS87,train,3.0
Q9NS91,train,1.0
Q9NS93,train,4.0
Q9NSD9,train,4.0
Q9NSE4,train,3.0
Q9NSI2,test,
Q9NSV4,train,4.0
Q9NT62,test,
Q9NTI5,train,4.0
Q9NTJ3,test,
Q9NTJ5,train,1.0
Q9NTK5,train,4.0
Q9NTM9,train,3.0
Q9NTZ6,train,2.0
Q9NUL3,train,4.0
Q9NUM4,train,1.0
Q9NUP9,train,5.0
Q9NUQ2,train,2.0
Q9NUQ8,train,5.0
Q9NUQ9,train,3.0
Q9NV06,train,5.0
Q9NV70,train,2.0
Q9NVC6,train,1.0
Q9NVD7,train,4.0
Q9NVE7,train,2.0
Q9NVG8,train,3.0
Q9NVH1,test,
Q9NVH2,test,
Q9NVI1,train,5.0
Q9NVM4,train,4.0
Q9NVM6,train,2.0
Q9NVM9,train,4.0
Q9NVN8,train,3.0
Q9NVP1,train,2.0
Q9NVQ4,test,
Q9NVS2,test,
Q9NVT9,train,1.0
Q9NVU0,train,4.0
Q9NVU7,train,4.0
Q9NVV4,test,
Q9NVX2,train,1.0
Q9NW08,train,2.0
Q9NW13,train,4.0
Q9NW64,train,2.0
Q9NW68,train,3.0
Q9NW81,train,3.0
Q9NW82,train,2.0
Q9NWB6,train,2.0
Q9NWH9,train,5.0
Q9NWS8,train,5.0
Q9NWT1,train,1.0
Q9NWV4,train,5.0
Q9NX01,train,2.0
Q9NX18,test,
Q9NX40,test,
Q9NX62,test,
Q9NXC5,train,5.0
Q9NXE4,train,5.0
Q9NXF1,train,2.0
Q9NXG2,train,3.0
Q9NXH9,train,1.0
Q9NXR1,train,3.0
Q9NY12,test,
Q9NY27,train,2.0
Q9NY33,train,4.0
Q9NY61,train,3.0
Q9NY74,train,5.0
Q9NY93,train,2.0
Q9NYB9,train,5.0
Q9NYH9,test,
Q9NYK5,train,5.0
Q9NYL9,train,3.0
Q9NYP7,train,3.0
Q9NYU2,test,
Q9NZ01,train,2.0
Q9NZ09,train,2.0
Q9NZ32,train,2.0
Q9NZ43,test,
Q9NZ52,train,1.0
Q9NZ63,train,3.0
Q9NZD2,train,2.0
Q9NZD8,train,5.0
Q9NZE8,train,1.0
Q9NZL9,train,4.0
Q9NZM1,train,1.0
Q9NZM3,train,3.0
Q9NZM5,train,3.0
Q9NZN4,train,2.0
Q9NZN5,test,
Q9NZN8,train,1.0
Q9NZZ3,train,3.0
Q9P000,train,3.0
Q9P013,test,
Q9P016,train,3.0
Q9P021,train,3.0
Q9P0I2,test,
Q9P0J0,test,
Q9P0J7,train,2.0
Q9P0K7,train,3.0
Q9P0L0,train,2.0
Q9P0M9,train,3.0
Q9P0P8,train,5.0
Q9P0S2,train,5.0
Q9P0U3,train,5.0
Q9P0V3,train,5.0
Q9P0V9,train,4.0
Q9P1Y5,train,3.0
Q9P1Z2,test,
Q9P219,train,5.0
Q9P253,train,3.0
Q9P258,train,4.0
Q9P260,train,4.0
Q9P287,train,2.0
Q9P2B4,test,
Q9P2E3,train,2.0
Q9P2E9,train,1.0
Q9P2I0,test,
Q9P2J5,train,3.0
Q9P2K3,train,4.0
Q9P2N5,test,
Q9P2R3,train,5.0
Q9P2R7,train,1.0
Q9P2S5,test,
Q9P2W9,train,4.0
Q9UBB4,test,
Q9UBB5,train,4.0
Q9UBB9,test,
Q9UBD5,train,4.0
Q9UBE0,train,5.0
Q9UBF8,test,
Q9UBH6,train,1.0
Q9UBI1,test,
Q9UBI6,train,5.0
Q9UBL3,train,5.0
Q9UBM7,train,5.0
Q9UBP0,train,4.0
Q9UBP9,train,4.0
Q9UBR2,train,5.0
Q9UBS3,test,
Q9UBS4,train,3.0
Q9UBS8,train,5.0
Q9UBT2,test,
Q9UBT7,train,2.0
Q9UBU8,train,4.0
Q9UBU9,train,2.0
Q9UBV2,train,2.0
Q9UBW5,train,3.0
Q9UBW8,test,
Q9UBX8,train,5.0
Q9UDY2,train,1.0
Q9UDY8,train,1.0
Q9UEE9,train,1.0
Q9UER7,test,
Q9UEW8,train,1.0
Q9UG63,train,2.0
Q9UGC7,train,3.0
Q9UGI8,train,4.0
Q9UGJ1,train,4.0
Q9UGM6,train,3.0
Q9UGN5,test,
Q9UGP4,train,5.0
Q9UGP8,train,4.0
Q9UGR2,train,5.0
Q9UH65,test,
Q9UHA3,train,1.0
Q9UHB6,train,2.0
Q9UHB9,train,2.0
Q9UHD1,test,
Q9UHD2,test,
Q9UHD8,train,4.0
Q9UHD9,train,4.0
Q9UHG3,train,3.0
Q9UHI6,train,4.0
Q9UHN1,train,2.0
Q9UHQ9,train,4.0
Q9UHV9,train,2.0
Q9UHW9,train,3.0
Q9UHY7,test,
Q9UI09,train,1.0
Q9UI10,train,4.0
Q9UI12,train,4.0
Q9UIA9,train,2.0
Q9UIG0,test,
Q9UII2,train,3.0
Q9UIQ6,test,
Q9UJ83,train,3.0
Q9UJA5,train,4.0
Q9UJC3,train,5.0
Q9UJU6,train,5.0
Q9UJV9,train,3.0
Q9UJX2,test,
Q9UJZ1,train,3.0
Q9UK32,train,1.0
Q9UK41,train,4.0
Q9UK45,train,1.0
Q9UK59,train,3.0
Q9UK61,train,2.0
Q9UKA4,train,1.0
Q9UKD2,train,2.0
Q9UKK3,train,2.0
Q9UKK9,train,1.0
Q9UKN8,train,3.0
Q9UKV3,train,1.0
Q9UKX7,train,2.0
Q9UKY7,train,5.0
Q9UKZ1,train,3.0
Q9UL03,train,3.0
Q9UL25,test,
Q9UL63,train,3.0
Q9ULC3,train,1.0
Q9ULC4,train,5.0
Q9ULD2,train,1.0
Q9ULD9,train,2.0
Q9ULG6,train,3.0
Q9ULH0,train,2.0
Q9ULI2,train,2.0
Q9ULJ8,train,4.0
Q9ULR0,train,4.0
Q9ULW0,train,2.0
Q9ULX3,test,
Q9ULX6,train,1.0
Q9UMS4,train,3.0
Q9UMX5,test,
Q9UMY1,train,4.0
Q9UMZ2,train,1.0
Q9UN86,test,
Q9UNE7,train,5.0
Q9UNF0,train,2.0
Q9UNH7,train,5.0
Q9UNI6,train,4.0
Q9UNK0,train,3.0
Q9UNL2,train,5.0
Q9UNM6,train,5.0
Q9UNN5,test,
Q9UNQ2,train,3.0
Q9UNS2,test,
Q9UNX4,train,2.0
Q9UNY4,train,1.0
Q9UNZ2,train,1.0
Q9UNZ5,train,1.0
Q9UPN4,train,1.0
Q9UPN6,train,2.0
Q9UPN9,test,
Q9UPQ0,train,4.0
Q9UPR0,train,1.0
Q9UPT5,train,1.0
Q9UPT9,test,
Q9UPU5,train,3.0
Q9UQ80,train,4.0
Q9UQB8,train,3.0
Q9UQE7,train,1.0
Q9UQN3,train,3.0
Q9Y217,train,2.0
Q9Y221,train,1.0
Q9Y223,test,
Q9Y224,train,4.0
Q9Y230,test,
Q9Y237,train,3.0
Q9Y248,test,
Q9Y255,train,2.0
Q9Y262,train,1.0
Q9Y263,test,
Q9Y266,train,5.0
Q9Y282,train,5.0
Q9Y285,train,1.0
Q9Y295,train,3.0
Q9Y2A7,train,3.0
Q9Y2B0,train,4.0
Q9Y2B1,train,2.0
Q9Y2C4,train,2.0
Q9Y2D4,train,1.0
Q9Y2H2,train,1.0
Q9Y2H6,train,2.0
Q9Y2J2,train,1.0
Q9Y2K9,train,3.0
Q9Y2L1,test,
Q9Y2Q9,test,
Q9Y2R9,test,
Q9Y2S7,train,4.0
Q9Y2T2,train,2.0
Q9Y2T3,train,4.0
Q9Y2V2,train,1.0
Q9Y2W1,train,1.0
Q9Y2W2,test,
Q9Y2W6,train,4.0
Q9Y2X0,test,
Q9Y2X7,train,4.0
Q9Y2Z0,train,1.0
Q9Y305,train,5.0
Q9Y312,test,
Q9Y314,train,4.0
Q9Y316,train,5.0
Q9Y324,train,5.0
Q9Y333,train,4.0
Q9Y375,train,5.0
Q9Y376,test,
Q9Y383,train,1.0
Q9Y394,train,2.0
Q9Y399,train,3.0
Q9Y3A2,train,2.0
Q9Y3A3,test,
Q9Y3A4,train,3.0
Q9Y3A5,train,1.0
Q9Y3B2,train,2.0
Q9Y3B3,train,2.0
Q9Y3B4,train,1.0
Q9Y3B7,test,
Q9Y3B8,test,
Q9Y3B9,train,4.0
Q9Y3C0,train,5.0
Q9Y3C1,test,
Q9Y3C8,train,5.0
Q9Y3D0,test,
Q9Y3D3,test,
Q9Y3D6,test,
Q9Y3D7,test,
Q9Y3D8,train,1.0
Q9Y3D9,train,1.0
Q9Y3F4,train,2.0
Q9Y3I0,train,1.0
Q9Y3P9,test,
Q9Y3T9,train,5.0
Q9Y3U8,train,5.0
Q9Y3Y2,test,
Q9Y3Z3,train,4.0
Q9Y446,train,4.0
Q9Y448,train,5.0
Q9Y450,train,4.0
Q9Y466,train,3.0
Q9Y4B5,train,4.0
Q9Y4C2,train,1.0
Q9Y4C8,test,
Q9Y4E8,train,5.0
Q9Y4F1,train,4.0
Q9Y4G6,train,2.0
Q9Y4I1,train,3.0
Q9Y4L1,test,
Q9Y4P3,train,5.0
Q9Y4P8,train,5.0
Q9Y4W2,train,4.0
Q9Y4W6,test,
Q9Y4X5,train,4.0
Q9Y4Y9,train,4.0
Q9Y4Z0,train,1.0
Q9Y508,train,2.0
Q9Y512,train,2.0
Q9Y570,train,3.0
Q9Y597,train,3.0
Q9Y5A7,train,2.0
Q9Y5B6,train,2.0
Q9Y5B9,train,2.0
Q9Y5J1,train,4.0
Q9Y5K6,train,2.0
Q9Y5L0,train,1.0
Q9Y5M8,train,3.0
Q9Y5N6,train,3.0
Q9Y5P4,train,3.0
Q9Y5Q8,train,5.0
Q9Y5Q9,train,5.0
Q9Y5T5,train,2.0
Q9Y5V0,train,5.0
Q9Y5W8,train,1.0
Q9Y606,train,2.0
Q9Y608,train,4.0
Q9Y617,train,4.0
Q9Y673,train,1.0
Q9Y676,train,2.0
Q9Y678,train,2.0
Q9Y696,train,3.0
Q9Y6A5,train,1.0
Q9Y6C9,train,1.0
Q9Y6D6,train,5.0
Q9Y6D9,train,1.0
Q9Y6E0,train,5.0
Q9Y6G3,train,2.0
Q9Y6G9,train,2.0
Q9Y6K5,train,1.0
Q9Y6K9,test,
Q9Y6M1,train,3.0
Q9Y6M7,train,1.0
Q9Y6M9,train,4.0
Q9Y6R0,train,4.0
Q9Y6V7,train,3.0
Q9Y6X1,train,4.0
Q9Y6X9,test,
Q9Y6Y0,train,5.0
Q9Y6Y8,train,3.0
