rows,proteins,positive,negative,raw_positive_before_balance,raw_negative_before_balance,sampling_note,ptm,split
1988,283,994,994,994,997,downsampled_to_1_to_1_from_pos_994_neg_997,2-Hydroxyisobutyrylation,test
8594,1158,4297,4297,4300,4297,downsampled_to_1_to_1_from_pos_4300_neg_4297,2-Hydroxyisobutyrylation,train_80
6580,899,3290,3290,3353,3290,downsampled_to_1_to_1_from_pos_3353_neg_3290,2-Hydroxyisobutyrylation,fold_1_train
1894,258,947,947,947,1007,downsampled_to_1_to_1_from_pos_947_neg_1007,2-Hydroxyisobutyrylation,fold_1_val
6906,935,3453,3453,3453,3520,downsampled_to_1_to_1_from_pos_3453_neg_3520,2-Hydroxyisobutyrylation,fold_2_train
1554,222,777,777,847,777,downsampled_to_1_to_1_from_pos_847_neg_777,2-Hydroxyisobutyrylation,fold_2_val
7016,941,3508,3508,3508,3539,downsampled_to_1_to_1_from_pos_3508_neg_3539,2-Hydroxyisobutyrylation,fold_3_train
1516,217,758,758,792,758,downsampled_to_1_to_1_from_pos_792_neg_758,2-Hydroxyisobutyrylation,fold_3_val
6800,922,3400,3400,3406,3400,downsampled_to_1_to_1_from_pos_3406_neg_3400,2-Hydroxyisobutyrylation,fold_4_train
1788,236,894,894,894,897,downsampled_to_1_to_1_from_pos_894_neg_897,2-Hydroxyisobutyrylation,fold_4_val
6878,934,3439,3439,3480,3439,downsampled_to_1_to_1_from_pos_3480_neg_3439,2-Hydroxyisobutyrylation,fold_5_train
1640,224,820,820,820,858,downsampled_to_1_to_1_from_pos_820_neg_858,2-Hydroxyisobutyrylation,fold_5_val
2580,183,1290,1290,1316,1290,downsampled_to_1_to_1_from_pos_1316_neg_1290,Acetylation,test
12824,854,6412,6412,6412,6438,downsampled_to_1_to_1_from_pos_6412_neg_6438,Acetylation,train_80
9616,677,4808,4808,4808,4906,downsampled_to_1_to_1_from_pos_4808_neg_4906,Acetylation,fold_1_train
3064,177,1532,1532,1604,1532,downsampled_to_1_to_1_from_pos_1604_neg_1532,Acetylation,fold_1_val
10604,698,5302,5302,5407,5302,downsampled_to_1_to_1_from_pos_5407_neg_5302,Acetylation,fold_2_train
2010,155,1005,1005,1005,1136,downsampled_to_1_to_1_from_pos_1005_neg_1136,Acetylation,fold_2_val
10500,678,5250,5250,5318,5250,downsampled_to_1_to_1_from_pos_5318_neg_5250,Acetylation,fold_3_train
2188,176,1094,1094,1094,1188,downsampled_to_1_to_1_from_pos_1094_neg_1188,Acetylation,fold_3_val
10006,686,5003,5003,5003,5160,downsampled_to_1_to_1_from_pos_5003_neg_5160,Acetylation,fold_4_train
2556,168,1278,1278,1409,1278,downsampled_to_1_to_1_from_pos_1409_neg_1278,Acetylation,fold_4_val
10224,676,5112,5112,5112,5134,downsampled_to_1_to_1_from_pos_5112_neg_5134,Acetylation,fold_5_train
2600,178,1300,1300,1300,1304,downsampled_to_1_to_1_from_pos_1300_neg_1304,Acetylation,fold_5_val
554,118,277,277,297,277,downsampled_to_1_to_1_from_pos_297_neg_277,beta-Hydroxybutyrylation,test
2498,510,1249,1249,1249,1269,downsampled_to_1_to_1_from_pos_1249_neg_1269,beta-Hydroxybutyrylation,train_80
1956,403,978,978,978,986,downsampled_to_1_to_1_from_pos_978_neg_986,beta-Hydroxybutyrylation,fold_1_train
542,107,271,271,271,283,downsampled_to_1_to_1_from_pos_271_neg_283,beta-Hydroxybutyrylation,fold_1_val
1992,404,996,996,996,1025,downsampled_to_1_to_1_from_pos_996_neg_1025,beta-Hydroxybutyrylation,fold_2_train
488,105,244,244,253,244,downsampled_to_1_to_1_from_pos_253_neg_244,beta-Hydroxybutyrylation,fold_2_val
2004,407,1002,1002,1002,1003,downsampled_to_1_to_1_from_pos_1002_neg_1003,beta-Hydroxybutyrylation,fold_3_train
494,103,247,247,247,266,downsampled_to_1_to_1_from_pos_247_neg_266,beta-Hydroxybutyrylation,fold_3_val
2006,410,1003,1003,1003,1009,downsampled_to_1_to_1_from_pos_1003_neg_1009,beta-Hydroxybutyrylation,fold_4_train
492,100,246,246,246,260,downsampled_to_1_to_1_from_pos_246_neg_260,beta-Hydroxybutyrylation,fold_4_val
2034,416,1017,1017,1017,1053,downsampled_to_1_to_1_from_pos_1017_neg_1053,beta-Hydroxybutyrylation,fold_5_train
432,94,216,216,232,216,downsampled_to_1_to_1_from_pos_232_neg_216,beta-Hydroxybutyrylation,fold_5_val
2290,280,1145,1145,1152,1145,downsampled_to_1_to_1_from_pos_1152_neg_1145,Crotonylation,test
9400,1128,4700,4700,4700,4707,downsampled_to_1_to_1_from_pos_4700_neg_4707,Crotonylation,train_80
7150,882,3575,3575,3633,3575,downsampled_to_1_to_1_from_pos_3633_neg_3575,Crotonylation,fold_1_train
2134,246,1067,1067,1067,1132,downsampled_to_1_to_1_from_pos_1067_neg_1132,Crotonylation,fold_1_val
7446,898,3723,3723,3723,3740,downsampled_to_1_to_1_from_pos_3723_neg_3740,Crotonylation,fold_2_train
1934,230,967,967,977,967,downsampled_to_1_to_1_from_pos_977_neg_967,Crotonylation,fold_2_val
7762,920,3881,3881,3920,3881,downsampled_to_1_to_1_from_pos_3920_neg_3881,Crotonylation,fold_3_train
1560,208,780,780,780,826,downsampled_to_1_to_1_from_pos_780_neg_826,Crotonylation,fold_3_val
7412,898,3706,3706,3706,3786,downsampled_to_1_to_1_from_pos_3706_neg_3786,Crotonylation,fold_4_train
1842,230,921,921,994,921,downsampled_to_1_to_1_from_pos_994_neg_921,Crotonylation,fold_4_val
7636,914,3818,3818,3818,3846,downsampled_to_1_to_1_from_pos_3818_neg_3846,Crotonylation,fold_5_train
1722,214,861,861,882,861,downsampled_to_1_to_1_from_pos_882_neg_861,Crotonylation,fold_5_val
354,105,177,177,202,177,downsampled_to_1_to_1_from_pos_202_neg_177,Glycation,test
1758,518,879,879,879,904,downsampled_to_1_to_1_from_pos_879_neg_904,Glycation,train_80
1332,404,666,666,666,695,downsampled_to_1_to_1_from_pos_666_neg_695,Glycation,fold_1_train
418,114,209,209,213,209,downsampled_to_1_to_1_from_pos_213_neg_209,Glycation,fold_1_val
1450,423,725,725,725,732,downsampled_to_1_to_1_from_pos_725_neg_732,Glycation,fold_2_train
308,95,154,154,154,172,downsampled_to_1_to_1_from_pos_154_neg_172,Glycation,fold_2_val
1440,420,720,720,720,723,downsampled_to_1_to_1_from_pos_720_neg_723,Glycation,fold_3_train
318,98,159,159,159,181,downsampled_to_1_to_1_from_pos_159_neg_181,Glycation,fold_3_val
1356,401,678,678,678,720,downsampled_to_1_to_1_from_pos_678_neg_720,Glycation,fold_4_train
368,116,184,184,201,184,downsampled_to_1_to_1_from_pos_201_neg_184,Glycation,fold_4_val
1454,424,727,727,727,746,downsampled_to_1_to_1_from_pos_727_neg_746,Glycation,fold_5_train
304,94,152,152,152,158,downsampled_to_1_to_1_from_pos_152_neg_158,Glycation,fold_5_val
804,171,402,402,402,415,downsampled_to_1_to_1_from_pos_402_neg_415,Malonylation,test
3284,640,1642,1642,1655,1642,downsampled_to_1_to_1_from_pos_1655_neg_1642,Malonylation,train_80
2542,511,1271,1271,1299,1271,downsampled_to_1_to_1_from_pos_1299_neg_1271,Malonylation,fold_1_train
712,129,356,356,356,371,downsampled_to_1_to_1_from_pos_356_neg_371,Malonylation,fold_1_val
2680,506,1340,1340,1357,1340,downsampled_to_1_to_1_from_pos_1357_neg_1340,Malonylation,fold_2_train
596,134,298,298,298,302,downsampled_to_1_to_1_from_pos_298_neg_302,Malonylation,fold_2_val
2576,515,1288,1288,1359,1288,downsampled_to_1_to_1_from_pos_1359_neg_1288,Malonylation,fold_3_train
592,122,296,296,296,354,downsampled_to_1_to_1_from_pos_296_neg_354,Malonylation,fold_3_val
2602,503,1301,1301,1304,1301,downsampled_to_1_to_1_from_pos_1304_neg_1301,Malonylation,fold_4_train
682,137,341,341,351,341,downsampled_to_1_to_1_from_pos_351_neg_341,Malonylation,fold_4_val
2602,522,1301,1301,1301,1368,downsampled_to_1_to_1_from_pos_1301_neg_1368,Malonylation,fold_5_train
548,116,274,274,354,274,downsampled_to_1_to_1_from_pos_354_neg_274,Malonylation,fold_5_val
556,177,278,278,278,283,downsampled_to_1_to_1_from_pos_278_neg_283,Methylation,test
2718,735,1359,1359,1364,1359,downsampled_to_1_to_1_from_pos_1364_neg_1359,Methylation,train_80
2054,573,1027,1027,1050,1027,downsampled_to_1_to_1_from_pos_1050_neg_1027,Methylation,fold_1_train
628,158,314,314,314,332,downsampled_to_1_to_1_from_pos_314_neg_332,Methylation,fold_1_val
2194,585,1097,1097,1100,1097,downsampled_to_1_to_1_from_pos_1100_neg_1097,Methylation,fold_2_train
524,150,262,262,264,262,downsampled_to_1_to_1_from_pos_264_neg_262,Methylation,fold_2_val
2254,604,1127,1127,1136,1127,downsampled_to_1_to_1_from_pos_1136_neg_1127,Methylation,fold_3_train
456,131,228,228,228,232,downsampled_to_1_to_1_from_pos_228_neg_232,Methylation,fold_3_val
2080,578,1040,1040,1040,1063,downsampled_to_1_to_1_from_pos_1040_neg_1063,Methylation,fold_4_train
592,155,296,296,324,296,downsampled_to_1_to_1_from_pos_324_neg_296,Methylation,fold_4_val
2244,594,1122,1122,1130,1122,downsampled_to_1_to_1_from_pos_1130_neg_1122,Methylation,fold_5_train
468,139,234,234,234,237,downsampled_to_1_to_1_from_pos_234_neg_237,Methylation,fold_5_val
402,106,201,201,234,201,downsampled_to_1_to_1_from_pos_234_neg_201,Succinylation,test
1768,474,884,884,884,917,downsampled_to_1_to_1_from_pos_884_neg_917,Succinylation,train_80
1390,371,695,695,712,695,downsampled_to_1_to_1_from_pos_712_neg_695,Succinylation,fold_1_train
344,103,172,172,172,222,downsampled_to_1_to_1_from_pos_172_neg_222,Succinylation,fold_1_val
1354,375,677,677,677,731,downsampled_to_1_to_1_from_pos_677_neg_731,Succinylation,fold_2_train
372,97,186,186,207,186,downsampled_to_1_to_1_from_pos_207_neg_186,Succinylation,fold_2_val
1456,386,728,728,728,768,downsampled_to_1_to_1_from_pos_728_neg_768,Succinylation,fold_3_train
298,88,149,149,156,149,downsampled_to_1_to_1_from_pos_156_neg_149,Succinylation,fold_3_val
1422,380,711,711,711,725,downsampled_to_1_to_1_from_pos_711_neg_725,Succinylation,fold_4_train
346,94,173,173,173,192,downsampled_to_1_to_1_from_pos_173_neg_192,Succinylation,fold_4_val
1416,384,708,708,708,749,downsampled_to_1_to_1_from_pos_708_neg_749,Succinylation,fold_5_train
336,90,168,168,176,168,downsampled_to_1_to_1_from_pos_176_neg_168,Succinylation,fold_5_val
4670,314,2335,2335,2357,2335,downsampled_to_1_to_1_from_pos_2357_neg_2335,Sumoylation,test
18270,1229,9135,9135,9135,9157,downsampled_to_1_to_1_from_pos_9135_neg_9157,Sumoylation,train_80
14134,978,7067,7067,7255,7067,downsampled_to_1_to_1_from_pos_7255_neg_7067,Sumoylation,fold_1_train
3760,250,1880,1880,1880,2090,downsampled_to_1_to_1_from_pos_1880_neg_2090,Sumoylation,fold_1_val
14886,1003,7443,7443,7443,7543,downsampled_to_1_to_1_from_pos_7443_neg_7543,Sumoylation,fold_2_train
3228,226,1614,1614,1692,1614,downsampled_to_1_to_1_from_pos_1692_neg_1614,Sumoylation,fold_2_val
14712,992,7356,7356,7356,7636,downsampled_to_1_to_1_from_pos_7356_neg_7636,Sumoylation,fold_3_train
3042,237,1521,1521,1779,1521,downsampled_to_1_to_1_from_pos_1779_neg_1521,Sumoylation,fold_3_val
14256,963,7128,7128,7128,7186,downsampled_to_1_to_1_from_pos_7128_neg_7186,Sumoylation,fold_4_train
3942,266,1971,1971,2007,1971,downsampled_to_1_to_1_from_pos_2007_neg_1971,Sumoylation,fold_4_val
14392,979,7196,7196,7358,7196,downsampled_to_1_to_1_from_pos_7358_neg_7196,Sumoylation,fold_5_train
3554,250,1777,1777,1777,1961,downsampled_to_1_to_1_from_pos_1777_neg_1961,Sumoylation,fold_5_val
7028,252,3514,3514,3714,3514,downsampled_to_1_to_1_from_pos_3714_neg_3514,Ubiquitination,test
30122,1005,15061,15061,15061,15261,downsampled_to_1_to_1_from_pos_15061_neg_15261,Ubiquitination,train_80
23474,810,11737,11737,11836,11737,downsampled_to_1_to_1_from_pos_11836_neg_11737,Ubiquitination,fold_1_train
6450,195,3225,3225,3225,3524,downsampled_to_1_to_1_from_pos_3225_neg_3524,Ubiquitination,fold_1_val
24242,806,12121,12121,12121,12418,downsampled_to_1_to_1_from_pos_12121_neg_12418,Ubiquitination,fold_2_train
5686,199,2843,2843,2940,2843,downsampled_to_1_to_1_from_pos_2940_neg_2843,Ubiquitination,fold_2_val
24602,799,12301,12301,12301,12488,downsampled_to_1_to_1_from_pos_12301_neg_12488,Ubiquitination,fold_3_train
5520,206,2760,2760,2760,2773,downsampled_to_1_to_1_from_pos_2760_neg_2773,Ubiquitination,fold_3_val
24226,809,12113,12113,12113,12227,downsampled_to_1_to_1_from_pos_12113_neg_12227,Ubiquitination,fold_4_train
5896,196,2948,2948,2948,3034,downsampled_to_1_to_1_from_pos_2948_neg_3034,Ubiquitination,fold_4_val
23746,796,11873,11873,11873,12174,downsampled_to_1_to_1_from_pos_11873_neg_12174,Ubiquitination,fold_5_train
6174,209,3087,3087,3188,3087,downsampled_to_1_to_1_from_pos_3188_neg_3087,Ubiquitination,fold_5_val
