protein,pdb_path,reason,valid
A6NC78,,missing_pdb,False
A6NHR9,,missing_pdb,False
A6NIH7,,missing_pdb,False
A8MW92,,missing_pdb,False
B5ME19,/data/ranran/my_ptm/croton/data/structure_pipeline/pdb/B5ME19.pdb,exact_sequence_match,True
E9PAV3,/data/ranran/my_ptm/croton/data/structure_pipeline/pdb/E9PAV3.pdb,exact_sequence_match,True
O00139-4,,missing_pdb,False
O00178,,missing_pdb,False
O00193,/data/ranran/my_ptm/croton/data/structure_pipeline/pdb/O00193.pdb,exact_sequence_match,True
O00213,,missing_pdb,False
O00233,/data/ranran/my_ptm/croton/data/structure_pipeline/pdb/O00233.pdb,exact_sequence_match,True
O00255,,missing_pdb,False
O00267,/data/ranran/my_ptm/croton/data/structure_pipeline/pdb/O00267.pdb,exact_sequence_match,True
O00273,,missing_pdb,False
O00512,,missing_pdb,False
O00541,/data/ranran/my_ptm/croton/data/structure_pipeline/pdb/O00541.pdb,exact_sequence_match,True
O00559-2,,missing_pdb,False
O00566,/data/ranran/my_ptm/croton/data/structure_pipeline/pdb/O00566.pdb,exact_sequence_match,True
O00567,/data/ranran/my_ptm/croton/data/structure_pipeline/pdb/O00567.pdb,exact_sequence_match,True
O00571,/data/ranran/my_ptm/croton/data/structure_pipeline/pdb/O00571.pdb,exact_sequence_match,True
O14497,/data/ranran/my_ptm/croton/data/structure_pipeline/pdb/O14497.pdb,exact_sequence_match,True
O14530,/data/ranran/my_ptm/croton/data/structure_pipeline/pdb/O14530.pdb,exact_sequence_match,True
O14646,,missing_pdb,False
O14683,,missing_pdb,False
O14733-2,,missing_pdb,False
O14737,/data/ranran/my_ptm/croton/data/structure_pipeline/pdb/O14737.pdb,exact_sequence_match,True
O14744,/data/ranran/my_ptm/croton/data/structure_pipeline/pdb/O14744.pdb,exact_sequence_match,True
O14908,/data/ranran/my_ptm/croton/data/structure_pipeline/pdb/O14908.pdb,exact_sequence_match,True
O14929,/data/ranran/my_ptm/croton/data/structure_pipeline/pdb/O14929.pdb;/data/ranran/my_ptm/croton/data/structure_pipeline/pdb/AF-O14929-F1-model_v6.pdb,sequence_mismatch,False
O14965,/data/ranran/my_ptm/croton/data/structure_pipeline/pdb/O14965.pdb;/data/ranran/my_ptm/croton/data/structure_pipeline/pdb/AF-O14965-F1-model_v6.pdb,sequence_mismatch,False
O14979,/data/ranran/my_ptm/croton/data/structure_pipeline/pdb/O14979.pdb,exact_sequence_match,True
O14981,/data/ranran/my_ptm/croton/data/structure_pipeline/pdb/O14981.pdb,exact_sequence_match,True
O15042,/data/ranran/my_ptm/croton/data/structure_pipeline/pdb/O15042.pdb,exact_sequence_match,True
O15078,/data/ranran/my_ptm/croton/data/structure_pipeline/pdb/O15078.pdb,exact_sequence_match,True
O15091,/data/ranran/my_ptm/croton/data/structure_pipeline/pdb/O15091.pdb,exact_sequence_match,True
O15144,/data/ranran/my_ptm/croton/data/structure_pipeline/pdb/O15144.pdb,exact_sequence_match,True
O15213,/data/ranran/my_ptm/croton/data/structure_pipeline/pdb/O15213.pdb,exact_sequence_match,True
O15226-2,,missing_pdb,False
O15264,,missing_pdb,False
O15294,/data/ranran/my_ptm/croton/data/structure_pipeline/pdb/O15294.pdb,exact_sequence_match,True
O15350,,missing_pdb,False
O15355,/data/ranran/my_ptm/croton/data/structure_pipeline/pdb/O15355.pdb,exact_sequence_match,True
O15371,/data/ranran/my_ptm/croton/data/structure_pipeline/pdb/O15371.pdb,exact_sequence_match,True
O15381,,missing_pdb,False
O15446-2,,missing_pdb,False
O15511-2,,missing_pdb,False
O15541,/data/ranran/my_ptm/croton/data/structure_pipeline/pdb/O15541.pdb,exact_sequence_match,True
O43143,,missing_pdb,False
O43148-2,,missing_pdb,False
O43159,,missing_pdb,False
O43172,/data/ranran/my_ptm/croton/data/structure_pipeline/pdb/O43172.pdb,exact_sequence_match,True
O43242,/data/ranran/my_ptm/croton/data/structure_pipeline/pdb/O43242.pdb,exact_sequence_match,True
O43252,/data/ranran/my_ptm/croton/data/structure_pipeline/pdb/O43252.pdb,exact_sequence_match,True
O43290,/data/ranran/my_ptm/croton/data/structure_pipeline/pdb/O43290.pdb,exact_sequence_match,True
O43390-2,,missing_pdb,False
O43395,/data/ranran/my_ptm/croton/data/structure_pipeline/pdb/O43395.pdb,exact_sequence_match,True
O43422,,missing_pdb,False
O43491,/data/ranran/my_ptm/croton/data/structure_pipeline/pdb/O43491.pdb,exact_sequence_match,True
O43615,/data/ranran/my_ptm/croton/data/structure_pipeline/pdb/O43615.pdb,exact_sequence_match,True
O43633,,missing_pdb,False
O43639,,missing_pdb,False
O43660,/data/ranran/my_ptm/croton/data/structure_pipeline/pdb/O43660.pdb,exact_sequence_match,True
O43670-4,,missing_pdb,False
O43709-3,,missing_pdb,False
O43719,/data/ranran/my_ptm/croton/data/structure_pipeline/pdb/O43719.pdb,exact_sequence_match,True
O43768,/data/ranran/my_ptm/croton/data/structure_pipeline/pdb/O43768.pdb,exact_sequence_match,True
O43809,/data/ranran/my_ptm/croton/data/structure_pipeline/pdb/O43809.pdb,exact_sequence_match,True
O43852-3,,missing_pdb,False
O43929,,missing_pdb,False
O60216,/data/ranran/my_ptm/croton/data/structure_pipeline/pdb/O60216.pdb,exact_sequence_match,True
O60341-2,,missing_pdb,False
O60508,,missing_pdb,False
O60563,/data/ranran/my_ptm/croton/data/structure_pipeline/pdb/O60563.pdb,exact_sequence_match,True
O60566-3,,missing_pdb,False
O60664,,missing_pdb,False
O60828,/data/ranran/my_ptm/croton/data/structure_pipeline/pdb/O60828.pdb,exact_sequence_match,True
O60832,/data/ranran/my_ptm/croton/data/structure_pipeline/pdb/O60832.pdb,exact_sequence_match,True
O60841,/data/ranran/my_ptm/croton/data/structure_pipeline/pdb/O60841.pdb,exact_sequence_match,True
O60869,/data/ranran/my_ptm/croton/data/structure_pipeline/pdb/O60869.pdb,exact_sequence_match,True
O60870,/data/ranran/my_ptm/croton/data/structure_pipeline/pdb/O60870.pdb,exact_sequence_match,True
O60885,/data/ranran/my_ptm/croton/data/structure_pipeline/pdb/O60885.pdb,exact_sequence_match,True
O60927,,missing_pdb,False
O60934,/data/ranran/my_ptm/croton/data/structure_pipeline/pdb/O60934.pdb,exact_sequence_match,True
O60942,,missing_pdb,False
O75113,,missing_pdb,False
O75122-3,,missing_pdb,False
O75150,/data/ranran/my_ptm/croton/data/structure_pipeline/pdb/O75150.pdb,exact_sequence_match,True
O75151,,missing_pdb,False
O75152,/data/ranran/my_ptm/croton/data/structure_pipeline/pdb/O75152.pdb,exact_sequence_match,True
O75164,,missing_pdb,False
O75348,/data/ranran/my_ptm/croton/data/structure_pipeline/pdb/O75348.pdb,exact_sequence_match,True
O75362,,missing_pdb,False
O75367,,missing_pdb,False
O75390,/data/ranran/my_ptm/croton/data/structure_pipeline/pdb/O75390.pdb,exact_sequence_match,True
O75391,/data/ranran/my_ptm/croton/data/structure_pipeline/pdb/O75391.pdb,exact_sequence_match,True
O75439,/data/ranran/my_ptm/croton/data/structure_pipeline/pdb/O75439.pdb,exact_sequence_match,True
O75446,/data/ranran/my_ptm/croton/data/structure_pipeline/pdb/O75446.pdb,exact_sequence_match,True
O75461,,missing_pdb,False
O75475,/data/ranran/my_ptm/croton/data/structure_pipeline/pdb/O75475.pdb,exact_sequence_match,True
O75494,,missing_pdb,False
O75496,/data/ranran/my_ptm/croton/data/structure_pipeline/pdb/O75496.pdb,exact_sequence_match,True
O75521,/data/ranran/my_ptm/croton/data/structure_pipeline/pdb/O75521.pdb,exact_sequence_match,True
O75528,,missing_pdb,False
O75530-2,,missing_pdb,False
O75533,/data/ranran/my_ptm/croton/data/structure_pipeline/pdb/O75533.pdb,exact_sequence_match,True
O75534-4,,missing_pdb,False
O75554,/data/ranran/my_ptm/croton/data/structure_pipeline/pdb/O75554.pdb,exact_sequence_match,True
O75586-2,,missing_pdb,False
O75643,/data/ranran/my_ptm/croton/data/structure_pipeline/pdb/O75643.pdb,exact_sequence_match,True
O75674,/data/ranran/my_ptm/croton/data/structure_pipeline/pdb/O75674.pdb,exact_sequence_match,True
O75676,,missing_pdb,False
O75683,/data/ranran/my_ptm/croton/data/structure_pipeline/pdb/O75683.pdb,exact_sequence_match,True
O75691,,missing_pdb,False
O75717,/data/ranran/my_ptm/croton/data/structure_pipeline/pdb/O75717.pdb,exact_sequence_match,True
O75821,/data/ranran/my_ptm/croton/data/structure_pipeline/pdb/O75821.pdb,exact_sequence_match,True
O75822,/data/ranran/my_ptm/croton/data/structure_pipeline/pdb/O75822.pdb,exact_sequence_match,True
O75879,,missing_pdb,False
O75909-4,,missing_pdb,False
O75923-13,,missing_pdb,False
O75937,/data/ranran/my_ptm/croton/data/structure_pipeline/pdb/O75937.pdb,exact_sequence_match,True
O75940,/data/ranran/my_ptm/croton/data/structure_pipeline/pdb/O75940.pdb,exact_sequence_match,True
O75943,,missing_pdb,False
O75947,/data/ranran/my_ptm/croton/data/structure_pipeline/pdb/O75947.pdb,exact_sequence_match,True
O76021,/data/ranran/my_ptm/croton/data/structure_pipeline/pdb/O76021.pdb,exact_sequence_match,True
O76041,,missing_pdb,False
O94762,,missing_pdb,False
O94782,,missing_pdb,False
O94817,,missing_pdb,False
O94842,,missing_pdb,False
O94888,/data/ranran/my_ptm/croton/data/structure_pipeline/pdb/O94888.pdb,exact_sequence_match,True
O94906,/data/ranran/my_ptm/croton/data/structure_pipeline/pdb/O94906.pdb,exact_sequence_match,True
O94913,,missing_pdb,False
O94925,/data/ranran/my_ptm/croton/data/structure_pipeline/pdb/O94925.pdb,exact_sequence_match,True
O94966-5,,missing_pdb,False
O94992,/data/ranran/my_ptm/croton/data/structure_pipeline/pdb/O94992.pdb,exact_sequence_match,True
O95218,/data/ranran/my_ptm/croton/data/structure_pipeline/pdb/O95218.pdb,exact_sequence_match,True
O95239,,missing_pdb,False
O95251,/data/ranran/my_ptm/croton/data/structure_pipeline/pdb/O95251.pdb,exact_sequence_match,True
O95365,,missing_pdb,False
O95391,,missing_pdb,False
O95400,,missing_pdb,False
O95433,/data/ranran/my_ptm/croton/data/structure_pipeline/pdb/O95433.pdb,exact_sequence_match,True
O95453,/data/ranran/my_ptm/croton/data/structure_pipeline/pdb/O95453.pdb,exact_sequence_match,True
O95782,/data/ranran/my_ptm/croton/data/structure_pipeline/pdb/O95782.pdb,exact_sequence_match,True
O95785-3,,missing_pdb,False
O95816,/data/ranran/my_ptm/croton/data/structure_pipeline/pdb/O95816.pdb,exact_sequence_match,True
O95983,,missing_pdb,False
O95996,,missing_pdb,False
P00338-3,,missing_pdb,False
P00367,/data/ranran/my_ptm/croton/data/structure_pipeline/pdb/P00367.pdb,exact_sequence_match,True
P00505,/data/ranran/my_ptm/croton/data/structure_pipeline/pdb/P00505.pdb,exact_sequence_match,True
P02545,/data/ranran/my_ptm/croton/data/structure_pipeline/pdb/P02545.pdb,exact_sequence_match,True
P04075-2,,missing_pdb,False
P04179,/data/ranran/my_ptm/croton/data/structure_pipeline/pdb/P04179.pdb,exact_sequence_match,True
P04181,/data/ranran/my_ptm/croton/data/structure_pipeline/pdb/P04181.pdb,exact_sequence_match,True
P04183,/data/ranran/my_ptm/croton/data/structure_pipeline/pdb/P04183.pdb,exact_sequence_match,True
P04406,/data/ranran/my_ptm/croton/data/structure_pipeline/pdb/P04406.pdb,exact_sequence_match,True
P04637,,missing_pdb,False
P05114,/data/ranran/my_ptm/croton/data/structure_pipeline/pdb/P05114.pdb,exact_sequence_match,True
P05141,/data/ranran/my_ptm/croton/data/structure_pipeline/pdb/P05141.pdb,exact_sequence_match,True
P05455,/data/ranran/my_ptm/croton/data/structure_pipeline/pdb/P05455.pdb,exact_sequence_match,True
P05783,/data/ranran/my_ptm/croton/data/structure_pipeline/pdb/P05783.pdb,exact_sequence_match,True
P06400,,missing_pdb,False
P06576,/data/ranran/my_ptm/croton/data/structure_pipeline/pdb/P06576.pdb,exact_sequence_match,True
P06733,/data/ranran/my_ptm/croton/data/structure_pipeline/pdb/P06733.pdb,exact_sequence_match,True
P06744-2,,missing_pdb,False
P06748,/data/ranran/my_ptm/croton/data/structure_pipeline/pdb/P06748.pdb,exact_sequence_match,True
P07196,,missing_pdb,False
P07305,/data/ranran/my_ptm/croton/data/structure_pipeline/pdb/P07305.pdb,exact_sequence_match,True
P07355-2,,missing_pdb,False
P07900-2,,missing_pdb,False
P07910,/data/ranran/my_ptm/croton/data/structure_pipeline/pdb/P07910.pdb,exact_sequence_match,True
P07954,/data/ranran/my_ptm/croton/data/structure_pipeline/pdb/P07954.pdb,exact_sequence_match,True
P08397,/data/ranran/my_ptm/croton/data/structure_pipeline/pdb/P08397.pdb,exact_sequence_match,True
P08559-4,,missing_pdb,False
P08579,,missing_pdb,False
P08670,,missing_pdb,False
P08865,/data/ranran/my_ptm/croton/data/structure_pipeline/pdb/P08865.pdb,exact_sequence_match,True
P09012,/data/ranran/my_ptm/croton/data/structure_pipeline/pdb/P09012.pdb,exact_sequence_match,True
P09429,,missing_pdb,False
P09543,/data/ranran/my_ptm/croton/data/structure_pipeline/pdb/P09543.pdb,exact_sequence_match,True
P09622,/data/ranran/my_ptm/croton/data/structure_pipeline/pdb/P09622.pdb,exact_sequence_match,True
P09651,,missing_pdb,False
P09661,/data/ranran/my_ptm/croton/data/structure_pipeline/pdb/P09661.pdb,exact_sequence_match,True
P09874,/data/ranran/my_ptm/croton/data/structure_pipeline/pdb/P09874.pdb,exact_sequence_match,True
P09884,/data/ranran/my_ptm/croton/data/structure_pipeline/pdb/P09884.pdb,exact_sequence_match,True
P0C2W1,,missing_pdb,False
P0C860,,missing_pdb,False
P10244,,missing_pdb,False
P10515,/data/ranran/my_ptm/croton/data/structure_pipeline/pdb/P10515.pdb,exact_sequence_match,True
P10809,/data/ranran/my_ptm/croton/data/structure_pipeline/pdb/P10809.pdb,exact_sequence_match,True
P11182,,missing_pdb,False
P11387,/data/ranran/my_ptm/croton/data/structure_pipeline/pdb/P11387.pdb,exact_sequence_match,True
P11474,,missing_pdb,False
P11532,,missing_pdb,False
P12004,/data/ranran/my_ptm/croton/data/structure_pipeline/pdb/P12004.pdb,exact_sequence_match,True
P12270,/data/ranran/my_ptm/croton/data/structure_pipeline/pdb/P12270.pdb,exact_sequence_match,True
P12956,/data/ranran/my_ptm/croton/data/structure_pipeline/pdb/P12956.pdb,exact_sequence_match,True
P13010,/data/ranran/my_ptm/croton/data/structure_pipeline/pdb/P13010.pdb,exact_sequence_match,True
P13639,/data/ranran/my_ptm/croton/data/structure_pipeline/pdb/P13639.pdb,exact_sequence_match,True
P13797,/data/ranran/my_ptm/croton/data/structure_pipeline/pdb/P13797.pdb,exact_sequence_match,True
P13804,/data/ranran/my_ptm/croton/data/structure_pipeline/pdb/P13804.pdb,exact_sequence_match,True
P13984,/data/ranran/my_ptm/croton/data/structure_pipeline/pdb/P13984.pdb,exact_sequence_match,True
P13995,/data/ranran/my_ptm/croton/data/structure_pipeline/pdb/P13995.pdb,exact_sequence_match,True
P14316,,missing_pdb,False
P14649,,missing_pdb,False
P14866,/data/ranran/my_ptm/croton/data/structure_pipeline/pdb/P14866.pdb,exact_sequence_match,True
P15336,,missing_pdb,False
P15923-3,,missing_pdb,False
P15924,,missing_pdb,False
P16104,,missing_pdb,False
P16220,/data/ranran/my_ptm/croton/data/structure_pipeline/pdb/P16220.pdb;/data/ranran/my_ptm/croton/data/structure_pipeline/pdb/AF-P16220-F1-model_v6.pdb,sequence_mismatch,False
P16591,/data/ranran/my_ptm/croton/data/structure_pipeline/pdb/P16591.pdb,exact_sequence_match,True
P17096,/data/ranran/my_ptm/croton/data/structure_pipeline/pdb/P17096.pdb,exact_sequence_match,True
P17480,/data/ranran/my_ptm/croton/data/structure_pipeline/pdb/P17480.pdb,exact_sequence_match,True
P17706,,missing_pdb,False
P18583-9,,missing_pdb,False
P18615-3,,missing_pdb,False
P18621-3,,missing_pdb,False
P18669,/data/ranran/my_ptm/croton/data/structure_pipeline/pdb/P18669.pdb,exact_sequence_match,True
P18754-2,,missing_pdb,False
P18846,,missing_pdb,False
P18858,/data/ranran/my_ptm/croton/data/structure_pipeline/pdb/P18858.pdb,exact_sequence_match,True
P18887,/data/ranran/my_ptm/croton/data/structure_pipeline/pdb/P18887.pdb;/data/ranran/my_ptm/croton/data/structure_pipeline/pdb/AF-P18887-F1-model_v6.pdb,sequence_mismatch,False
P19338,/data/ranran/my_ptm/croton/data/structure_pipeline/pdb/P19338.pdb,exact_sequence_match,True
P19447,,missing_pdb,False
P20042,/data/ranran/my_ptm/croton/data/structure_pipeline/pdb/P20042.pdb,exact_sequence_match,True
P20290,/data/ranran/my_ptm/croton/data/structure_pipeline/pdb/P20290.pdb,exact_sequence_match,True
P20810-6,,missing_pdb,False
P20962,,missing_pdb,False
P21291,/data/ranran/my_ptm/croton/data/structure_pipeline/pdb/P21291.pdb,exact_sequence_match,True
P22061-2,,missing_pdb,False
P22234,/data/ranran/my_ptm/croton/data/structure_pipeline/pdb/P22234.pdb,exact_sequence_match,True
P22314,/data/ranran/my_ptm/croton/data/structure_pipeline/pdb/P22314.pdb,exact_sequence_match,True
P22681,,missing_pdb,False
P22695,/data/ranran/my_ptm/croton/data/structure_pipeline/pdb/P22695.pdb,exact_sequence_match,True
P23246,/data/ranran/my_ptm/croton/data/structure_pipeline/pdb/P23246.pdb,exact_sequence_match,True
P23368,,missing_pdb,False
P23396,/data/ranran/my_ptm/croton/data/structure_pipeline/pdb/P23396.pdb,exact_sequence_match,True
P23415,,missing_pdb,False
P23443,,missing_pdb,False
P23511,/data/ranran/my_ptm/croton/data/structure_pipeline/pdb/P23511.pdb,exact_sequence_match,True
P23526,,missing_pdb,False
P23528,/data/ranran/my_ptm/croton/data/structure_pipeline/pdb/P23528.pdb,exact_sequence_match,True
P24928,/data/ranran/my_ptm/croton/data/structure_pipeline/pdb/P24928.pdb,exact_sequence_match,True
P25205-2,,missing_pdb,False
P25440,/data/ranran/my_ptm/croton/data/structure_pipeline/pdb/P25440.pdb,exact_sequence_match,True
P25490,/data/ranran/my_ptm/croton/data/structure_pipeline/pdb/P25490.pdb,exact_sequence_match,True
P25685,,missing_pdb,False
P25705,/data/ranran/my_ptm/croton/data/structure_pipeline/pdb/P25705.pdb,exact_sequence_match,True
P25786-2,,missing_pdb,False
P26358-2,,missing_pdb,False
P26373,/data/ranran/my_ptm/croton/data/structure_pipeline/pdb/P26373.pdb,exact_sequence_match,True
P26599-3,,missing_pdb,False
P26641,/data/ranran/my_ptm/croton/data/structure_pipeline/pdb/P26641.pdb,exact_sequence_match,True
P27144,/data/ranran/my_ptm/croton/data/structure_pipeline/pdb/P27144.pdb,exact_sequence_match,True
P27635,/data/ranran/my_ptm/croton/data/structure_pipeline/pdb/P27635.pdb;/data/ranran/my_ptm/croton/data/structure_pipeline/pdb/AF-P27635-F1-model_v6.pdb,sequence_mismatch,False
P27694,/data/ranran/my_ptm/croton/data/structure_pipeline/pdb/P27694.pdb,exact_sequence_match,True
P27695,/data/ranran/my_ptm/croton/data/structure_pipeline/pdb/P27695.pdb,exact_sequence_match,True
P27816,/data/ranran/my_ptm/croton/data/structure_pipeline/pdb/P27816.pdb,exact_sequence_match,True
P27824-2,,missing_pdb,False
P28340,/data/ranran/my_ptm/croton/data/structure_pipeline/pdb/P28340.pdb,exact_sequence_match,True
P28370,,missing_pdb,False
P29084,/data/ranran/my_ptm/croton/data/structure_pipeline/pdb/P29084.pdb,exact_sequence_match,True
P29590,,missing_pdb,False
P30048,,missing_pdb,False
P30405,,missing_pdb,False
P30519,/data/ranran/my_ptm/croton/data/structure_pipeline/pdb/P30519.pdb,exact_sequence_match,True
P31040,/data/ranran/my_ptm/croton/data/structure_pipeline/pdb/P31040.pdb,exact_sequence_match,True
P31943,/data/ranran/my_ptm/croton/data/structure_pipeline/pdb/P31943.pdb,exact_sequence_match,True
P31948,/data/ranran/my_ptm/croton/data/structure_pipeline/pdb/P31948.pdb,exact_sequence_match,True
P31949,/data/ranran/my_ptm/croton/data/structure_pipeline/pdb/P31949.pdb,exact_sequence_match,True
P32780,/data/ranran/my_ptm/croton/data/structure_pipeline/pdb/P32780.pdb,exact_sequence_match,True
P32969,/data/ranran/my_ptm/croton/data/structure_pipeline/pdb/P32969.pdb,exact_sequence_match,True
P33176,,missing_pdb,False
P33316-2,,missing_pdb,False
P33552,/data/ranran/my_ptm/croton/data/structure_pipeline/pdb/P33552.pdb,exact_sequence_match,True
P34897,/data/ranran/my_ptm/croton/data/structure_pipeline/pdb/P34897.pdb,exact_sequence_match,True
P34932,,missing_pdb,False
P35241-5,,missing_pdb,False
P35251,/data/ranran/my_ptm/croton/data/structure_pipeline/pdb/P35251.pdb,exact_sequence_match,True
P35268,/data/ranran/my_ptm/croton/data/structure_pipeline/pdb/P35268.pdb,exact_sequence_match,True
P35269,/data/ranran/my_ptm/croton/data/structure_pipeline/pdb/P35269.pdb,exact_sequence_match,True
P35579,,missing_pdb,False
P35637,,missing_pdb,False
P35658-5,,missing_pdb,False
P35659,/data/ranran/my_ptm/croton/data/structure_pipeline/pdb/P35659.pdb,exact_sequence_match,True
P35914,/data/ranran/my_ptm/croton/data/structure_pipeline/pdb/P35914.pdb,exact_sequence_match,True
P36405,/data/ranran/my_ptm/croton/data/structure_pipeline/pdb/P36405.pdb,exact_sequence_match,True
P36543,/data/ranran/my_ptm/croton/data/structure_pipeline/pdb/P36543.pdb,exact_sequence_match,True
P36578,/data/ranran/my_ptm/croton/data/structure_pipeline/pdb/P36578.pdb,exact_sequence_match,True
P37108,/data/ranran/my_ptm/croton/data/structure_pipeline/pdb/P37108.pdb,exact_sequence_match,True
P37802-2,,missing_pdb,False
P37840,,missing_pdb,False
P38117-2,,missing_pdb,False
P38159,,missing_pdb,False
P38398-7,,missing_pdb,False
P38432,,missing_pdb,False
P38435,/data/ranran/my_ptm/croton/data/structure_pipeline/pdb/P38435.pdb,exact_sequence_match,True
P38646,/data/ranran/my_ptm/croton/data/structure_pipeline/pdb/P38646.pdb,exact_sequence_match,True
P38935,,missing_pdb,False
P39019,/data/ranran/my_ptm/croton/data/structure_pipeline/pdb/P39019.pdb,exact_sequence_match,True
P39023,,missing_pdb,False
P39748,/data/ranran/my_ptm/croton/data/structure_pipeline/pdb/P39748.pdb,exact_sequence_match,True
P40692,,missing_pdb,False
P40926,/data/ranran/my_ptm/croton/data/structure_pipeline/pdb/P40926.pdb,exact_sequence_match,True
P40939,/data/ranran/my_ptm/croton/data/structure_pipeline/pdb/P40939.pdb,exact_sequence_match,True
P41223,,missing_pdb,False
P41236,/data/ranran/my_ptm/croton/data/structure_pipeline/pdb/P41236.pdb,exact_sequence_match,True
P42126,/data/ranran/my_ptm/croton/data/structure_pipeline/pdb/P42126.pdb,exact_sequence_match,True
P42166,/data/ranran/my_ptm/croton/data/structure_pipeline/pdb/P42166.pdb,exact_sequence_match,True
P42167,,missing_pdb,False
P42226,,missing_pdb,False
P42285,/data/ranran/my_ptm/croton/data/structure_pipeline/pdb/P42285.pdb,exact_sequence_match,True
P42695,,missing_pdb,False
P42696,,missing_pdb,False
P42704,/data/ranran/my_ptm/croton/data/structure_pipeline/pdb/P42704.pdb,exact_sequence_match,True
P42766,/data/ranran/my_ptm/croton/data/structure_pipeline/pdb/P42766.pdb,exact_sequence_match,True
P43243,/data/ranran/my_ptm/croton/data/structure_pipeline/pdb/P43243.pdb,exact_sequence_match,True
P43246,/data/ranran/my_ptm/croton/data/structure_pipeline/pdb/P43246.pdb,exact_sequence_match,True
P43487,,missing_pdb,False
P43490,/data/ranran/my_ptm/croton/data/structure_pipeline/pdb/P43490.pdb,exact_sequence_match,True
P45973,/data/ranran/my_ptm/croton/data/structure_pipeline/pdb/P45973.pdb,exact_sequence_match,True
P45985-2,,missing_pdb,False
P46013,,missing_pdb,False
P46063,/data/ranran/my_ptm/croton/data/structure_pipeline/pdb/P46063.pdb,exact_sequence_match,True
P46087-4,,missing_pdb,False
P46100,/data/ranran/my_ptm/croton/data/structure_pipeline/pdb/P46100.pdb;/data/ranran/my_ptm/croton/data/structure_pipeline/pdb/AF-P46100-F1-model_v6.pdb,sequence_mismatch,False
P46379-3,,missing_pdb,False
P46776,/data/ranran/my_ptm/croton/data/structure_pipeline/pdb/P46776.pdb,exact_sequence_match,True
P46777,/data/ranran/my_ptm/croton/data/structure_pipeline/pdb/P46777.pdb,exact_sequence_match,True
P46778,/data/ranran/my_ptm/croton/data/structure_pipeline/pdb/P46778.pdb,exact_sequence_match,True
P46779-3,,missing_pdb,False
P46781,/data/ranran/my_ptm/croton/data/structure_pipeline/pdb/P46781.pdb,exact_sequence_match,True
P46783,,missing_pdb,False
P46937-9,,missing_pdb,False
P47756-2,,missing_pdb,False
P47813,,missing_pdb,False
P47914,/data/ranran/my_ptm/croton/data/structure_pipeline/pdb/P47914.pdb,exact_sequence_match,True
P48047,/data/ranran/my_ptm/croton/data/structure_pipeline/pdb/P48047.pdb,exact_sequence_match,True
P48382,,missing_pdb,False
P48735,/data/ranran/my_ptm/croton/data/structure_pipeline/pdb/P48735.pdb,exact_sequence_match,True
P49005,,missing_pdb,False
P49189,,missing_pdb,False
P49207,/data/ranran/my_ptm/croton/data/structure_pipeline/pdb/P49207.pdb,exact_sequence_match,True
P49321-3,,missing_pdb,False
P49585,/data/ranran/my_ptm/croton/data/structure_pipeline/pdb/P49585.pdb,exact_sequence_match,True
P49711,/data/ranran/my_ptm/croton/data/structure_pipeline/pdb/P49711.pdb,exact_sequence_match,True
P49748-3,,missing_pdb,False
P49756,/data/ranran/my_ptm/croton/data/structure_pipeline/pdb/P49756.pdb,exact_sequence_match,True
P49773,/data/ranran/my_ptm/croton/data/structure_pipeline/pdb/P49773.pdb,exact_sequence_match,True
P49790-3,,missing_pdb,False
P49792,,missing_pdb,False
P49916,/data/ranran/my_ptm/croton/data/structure_pipeline/pdb/P49916.pdb,exact_sequence_match,True
P49959-3,,missing_pdb,False
P50402,/data/ranran/my_ptm/croton/data/structure_pipeline/pdb/P50402.pdb,exact_sequence_match,True
P50548,/data/ranran/my_ptm/croton/data/structure_pipeline/pdb/P50548.pdb,exact_sequence_match,True
P50613,,missing_pdb,False
P50750-2,,missing_pdb,False
P50914,/data/ranran/my_ptm/croton/data/structure_pipeline/pdb/P50914.pdb,exact_sequence_match,True
P50990,/data/ranran/my_ptm/croton/data/structure_pipeline/pdb/P50990.pdb,exact_sequence_match,True
P51003,/data/ranran/my_ptm/croton/data/structure_pipeline/pdb/P51003.pdb,exact_sequence_match,True
P51532,/data/ranran/my_ptm/croton/data/structure_pipeline/pdb/P51532.pdb,exact_sequence_match,True
P51608-2,,missing_pdb,False
P51610-4,,missing_pdb,False
P51858,,missing_pdb,False
P51946,,missing_pdb,False
P51948,,missing_pdb,False
P52272,/data/ranran/my_ptm/croton/data/structure_pipeline/pdb/P52272.pdb,exact_sequence_match,True
P52294,/data/ranran/my_ptm/croton/data/structure_pipeline/pdb/P52294.pdb,exact_sequence_match,True
P52298,/data/ranran/my_ptm/croton/data/structure_pipeline/pdb/P52298.pdb,exact_sequence_match,True
P52594-4,,missing_pdb,False
P52701,/data/ranran/my_ptm/croton/data/structure_pipeline/pdb/P52701.pdb,exact_sequence_match,True
P52815,/data/ranran/my_ptm/croton/data/structure_pipeline/pdb/P52815.pdb,exact_sequence_match,True
P52907,,missing_pdb,False
P52926,,missing_pdb,False
P52948,/data/ranran/my_ptm/croton/data/structure_pipeline/pdb/P52948.pdb,exact_sequence_match,True
P53350,,missing_pdb,False
P53367,/data/ranran/my_ptm/croton/data/structure_pipeline/pdb/P53367.pdb,exact_sequence_match,True
P53396,/data/ranran/my_ptm/croton/data/structure_pipeline/pdb/P53396.pdb,exact_sequence_match,True
P53602,/data/ranran/my_ptm/croton/data/structure_pipeline/pdb/P53602.pdb,exact_sequence_match,True
P53999,/data/ranran/my_ptm/croton/data/structure_pipeline/pdb/P53999.pdb,exact_sequence_match,True
P54132,,missing_pdb,False
P54252,/data/ranran/my_ptm/croton/data/structure_pipeline/pdb/P54252.pdb,exact_sequence_match,True
P54278,,missing_pdb,False
P54577,/data/ranran/my_ptm/croton/data/structure_pipeline/pdb/P54577.pdb,exact_sequence_match,True
P54886,/data/ranran/my_ptm/croton/data/structure_pipeline/pdb/P54886.pdb,exact_sequence_match,True
P55010,/data/ranran/my_ptm/croton/data/structure_pipeline/pdb/P55010.pdb,exact_sequence_match,True
P55036,,missing_pdb,False
P55072,/data/ranran/my_ptm/croton/data/structure_pipeline/pdb/P55072.pdb,exact_sequence_match,True
P55081,/data/ranran/my_ptm/croton/data/structure_pipeline/pdb/P55081.pdb,exact_sequence_match,True
P55084,/data/ranran/my_ptm/croton/data/structure_pipeline/pdb/P55084.pdb,exact_sequence_match,True
P55196-5,,missing_pdb,False
P55201-2,,missing_pdb,False
P55265-4,,missing_pdb,False
P55809,/data/ranran/my_ptm/croton/data/structure_pipeline/pdb/P55809.pdb,exact_sequence_match,True
P56181,,missing_pdb,False
P57081,/data/ranran/my_ptm/croton/data/structure_pipeline/pdb/P57081.pdb,exact_sequence_match,True
P60002,/data/ranran/my_ptm/croton/data/structure_pipeline/pdb/P60002.pdb,exact_sequence_match,True
P60228,/data/ranran/my_ptm/croton/data/structure_pipeline/pdb/P60228.pdb,exact_sequence_match,True
P60468,,missing_pdb,False
P60866-2,,missing_pdb,False
P61081,/data/ranran/my_ptm/croton/data/structure_pipeline/pdb/P61081.pdb,exact_sequence_match,True
P61086,/data/ranran/my_ptm/croton/data/structure_pipeline/pdb/P61086.pdb,exact_sequence_match,True
P61247,/data/ranran/my_ptm/croton/data/structure_pipeline/pdb/P61247.pdb,exact_sequence_match,True
P61353,/data/ranran/my_ptm/croton/data/structure_pipeline/pdb/P61353.pdb,exact_sequence_match,True
P61604,/data/ranran/my_ptm/croton/data/structure_pipeline/pdb/P61604.pdb,exact_sequence_match,True
P61956,,missing_pdb,False
P61978,/data/ranran/my_ptm/croton/data/structure_pipeline/pdb/P61978.pdb,exact_sequence_match,True
P62081,/data/ranran/my_ptm/croton/data/structure_pipeline/pdb/P62081.pdb,exact_sequence_match,True
P62136-2,,missing_pdb,False
P62241,/data/ranran/my_ptm/croton/data/structure_pipeline/pdb/P62241.pdb,exact_sequence_match,True
P62263,/data/ranran/my_ptm/croton/data/structure_pipeline/pdb/P62263.pdb,exact_sequence_match,True
P62266,/data/ranran/my_ptm/croton/data/structure_pipeline/pdb/P62266.pdb,exact_sequence_match,True
P62280,/data/ranran/my_ptm/croton/data/structure_pipeline/pdb/P62280.pdb,exact_sequence_match,True
P62304,/data/ranran/my_ptm/croton/data/structure_pipeline/pdb/P62304.pdb,exact_sequence_match,True
P62424,/data/ranran/my_ptm/croton/data/structure_pipeline/pdb/P62424.pdb,exact_sequence_match,True
P62701,,missing_pdb,False
P62750,/data/ranran/my_ptm/croton/data/structure_pipeline/pdb/P62750.pdb,exact_sequence_match,True
P62753,/data/ranran/my_ptm/croton/data/structure_pipeline/pdb/P62753.pdb,exact_sequence_match,True
P62805,/data/ranran/my_ptm/croton/data/structure_pipeline/pdb/P62805.pdb,exact_sequence_match,True
P62826,/data/ranran/my_ptm/croton/data/structure_pipeline/pdb/P62826.pdb,exact_sequence_match,True
P62851,/data/ranran/my_ptm/croton/data/structure_pipeline/pdb/P62851.pdb,exact_sequence_match,True
P62888,/data/ranran/my_ptm/croton/data/structure_pipeline/pdb/P62888.pdb,exact_sequence_match,True
P62899-2,,missing_pdb,False
P62906,/data/ranran/my_ptm/croton/data/structure_pipeline/pdb/P62906.pdb,exact_sequence_match,True
P62913,/data/ranran/my_ptm/croton/data/structure_pipeline/pdb/P62913.pdb,exact_sequence_match,True
P62937,,missing_pdb,False
P62937-2,,missing_pdb,False
P62979,,missing_pdb,False
P62995,,missing_pdb,False
P63220,/data/ranran/my_ptm/croton/data/structure_pipeline/pdb/P63220.pdb,exact_sequence_match,True
P63241-2,,missing_pdb,False
P63313,,missing_pdb,False
P67870,,missing_pdb,False
P68104,,missing_pdb,False
P68431,/data/ranran/my_ptm/croton/data/structure_pipeline/pdb/P68431.pdb,exact_sequence_match,True
P78316,/data/ranran/my_ptm/croton/data/structure_pipeline/pdb/P78316.pdb,exact_sequence_match,True
P78324-2,,missing_pdb,False
P78332,,missing_pdb,False
P78344,/data/ranran/my_ptm/croton/data/structure_pipeline/pdb/P78344.pdb,exact_sequence_match,True
P78345,/data/ranran/my_ptm/croton/data/structure_pipeline/pdb/P78345.pdb,exact_sequence_match,True
P78346-2,,missing_pdb,False
P78347,/data/ranran/my_ptm/croton/data/structure_pipeline/pdb/P78347.pdb,exact_sequence_match,True
P78364,,missing_pdb,False
P78527,,missing_pdb,False
P79522,,missing_pdb,False
P82979,/data/ranran/my_ptm/croton/data/structure_pipeline/pdb/P82979.pdb,exact_sequence_match,True
P83731,/data/ranran/my_ptm/croton/data/structure_pipeline/pdb/P83731.pdb,exact_sequence_match,True
P83876,,missing_pdb,False
P84098,/data/ranran/my_ptm/croton/data/structure_pipeline/pdb/P84098.pdb,exact_sequence_match,True
P84101,,missing_pdb,False
P84103,,missing_pdb,False
P98175,/data/ranran/my_ptm/croton/data/structure_pipeline/pdb/P98175.pdb,exact_sequence_match,True
P99999,/data/ranran/my_ptm/croton/data/structure_pipeline/pdb/P99999.pdb,exact_sequence_match,True
Q00325,/data/ranran/my_ptm/croton/data/structure_pipeline/pdb/Q00325.pdb,exact_sequence_match,True
Q00341,/data/ranran/my_ptm/croton/data/structure_pipeline/pdb/Q00341.pdb;/data/ranran/my_ptm/croton/data/structure_pipeline/pdb/AF-Q00341-F1-model_v6.pdb,sequence_mismatch,False
Q00688,/data/ranran/my_ptm/croton/data/structure_pipeline/pdb/Q00688.pdb,exact_sequence_match,True
Q00839,,missing_pdb,False
Q01105,/data/ranran/my_ptm/croton/data/structure_pipeline/pdb/Q01105.pdb,exact_sequence_match,True
Q01167,,missing_pdb,False
Q01469,/data/ranran/my_ptm/croton/data/structure_pipeline/pdb/Q01469.pdb,exact_sequence_match,True
Q01658,,missing_pdb,False
Q01780,/data/ranran/my_ptm/croton/data/structure_pipeline/pdb/Q01780.pdb,exact_sequence_match,True
Q01813,/data/ranran/my_ptm/croton/data/structure_pipeline/pdb/Q01813.pdb,exact_sequence_match,True
Q01831,/data/ranran/my_ptm/croton/data/structure_pipeline/pdb/Q01831.pdb,exact_sequence_match,True
Q02241,/data/ranran/my_ptm/croton/data/structure_pipeline/pdb/Q02241.pdb,exact_sequence_match,True
Q02543,/data/ranran/my_ptm/croton/data/structure_pipeline/pdb/Q02543.pdb,exact_sequence_match,True
Q02790,/data/ranran/my_ptm/croton/data/structure_pipeline/pdb/Q02790.pdb,exact_sequence_match,True
Q02880,/data/ranran/my_ptm/croton/data/structure_pipeline/pdb/Q02880.pdb,exact_sequence_match,True
Q02952,,missing_pdb,False
Q03468,/data/ranran/my_ptm/croton/data/structure_pipeline/pdb/Q03468.pdb,exact_sequence_match,True
Q04323-2,,missing_pdb,False
Q04637-9,,missing_pdb,False
Q04726,,missing_pdb,False
Q04837,/data/ranran/my_ptm/croton/data/structure_pipeline/pdb/Q04837.pdb,exact_sequence_match,True
Q04917,,missing_pdb,False
Q05682,/data/ranran/my_ptm/croton/data/structure_pipeline/pdb/Q05682.pdb,exact_sequence_match,True
Q05D32,,missing_pdb,False
Q06124,/data/ranran/my_ptm/croton/data/structure_pipeline/pdb/Q06124.pdb,exact_sequence_match,True
Q06546,/data/ranran/my_ptm/croton/data/structure_pipeline/pdb/Q06546.pdb,exact_sequence_match,True
Q06830,,missing_pdb,False
Q07021,/data/ranran/my_ptm/croton/data/structure_pipeline/pdb/Q07021.pdb,exact_sequence_match,True
Q07666,/data/ranran/my_ptm/croton/data/structure_pipeline/pdb/Q07666.pdb,exact_sequence_match,True
Q08170,/data/ranran/my_ptm/croton/data/structure_pipeline/pdb/Q08170.pdb,exact_sequence_match,True
Q08211,/data/ranran/my_ptm/croton/data/structure_pipeline/pdb/Q08211.pdb,exact_sequence_match,True
Q08945,/data/ranran/my_ptm/croton/data/structure_pipeline/pdb/Q08945.pdb,exact_sequence_match,True
Q08J23,/data/ranran/my_ptm/croton/data/structure_pipeline/pdb/Q08J23.pdb,exact_sequence_match,True
Q09028,/data/ranran/my_ptm/croton/data/structure_pipeline/pdb/Q09028.pdb,exact_sequence_match,True
Q09161,/data/ranran/my_ptm/croton/data/structure_pipeline/pdb/Q09161.pdb,exact_sequence_match,True
Q09666,,missing_pdb,False
Q0ZGT2,,missing_pdb,False
Q10570,/data/ranran/my_ptm/croton/data/structure_pipeline/pdb/Q10570.pdb,exact_sequence_match,True
Q12788,/data/ranran/my_ptm/croton/data/structure_pipeline/pdb/Q12788.pdb,exact_sequence_match,True
Q12789,/data/ranran/my_ptm/croton/data/structure_pipeline/pdb/Q12789.pdb,exact_sequence_match,True
Q12830,,missing_pdb,False
Q12857-4,,missing_pdb,False
Q12874,/data/ranran/my_ptm/croton/data/structure_pipeline/pdb/Q12874.pdb,exact_sequence_match,True
Q12888-2,,missing_pdb,False
Q12904-2,,missing_pdb,False
Q12906-7,,missing_pdb,False
Q12986,,missing_pdb,False
Q12996,/data/ranran/my_ptm/croton/data/structure_pipeline/pdb/Q12996.pdb,exact_sequence_match,True
Q13017,/data/ranran/my_ptm/croton/data/structure_pipeline/pdb/Q13017.pdb,exact_sequence_match,True
Q13029,,missing_pdb,False
Q13033,/data/ranran/my_ptm/croton/data/structure_pipeline/pdb/Q13033.pdb,exact_sequence_match,True
Q13111,,missing_pdb,False
Q13112,,missing_pdb,False
Q13123,/data/ranran/my_ptm/croton/data/structure_pipeline/pdb/Q13123.pdb,exact_sequence_match,True
Q13136,,missing_pdb,False
Q13148,/data/ranran/my_ptm/croton/data/structure_pipeline/pdb/Q13148.pdb,exact_sequence_match,True
Q13206,/data/ranran/my_ptm/croton/data/structure_pipeline/pdb/Q13206.pdb,exact_sequence_match,True
Q13243,,missing_pdb,False
Q13247,,missing_pdb,False
Q13263,/data/ranran/my_ptm/croton/data/structure_pipeline/pdb/Q13263.pdb,exact_sequence_match,True
Q13283,,missing_pdb,False
Q13330,,missing_pdb,False
Q13356,/data/ranran/my_ptm/croton/data/structure_pipeline/pdb/Q13356.pdb,exact_sequence_match,True
Q13416,/data/ranran/my_ptm/croton/data/structure_pipeline/pdb/Q13416.pdb,exact_sequence_match,True
Q13423,/data/ranran/my_ptm/croton/data/structure_pipeline/pdb/Q13423.pdb,exact_sequence_match,True
Q13426,,missing_pdb,False
Q13427,,missing_pdb,False
Q13428-4,,missing_pdb,False
Q13435,/data/ranran/my_ptm/croton/data/structure_pipeline/pdb/Q13435.pdb,exact_sequence_match,True
Q13442,/data/ranran/my_ptm/croton/data/structure_pipeline/pdb/Q13442.pdb,exact_sequence_match,True
Q13523,/data/ranran/my_ptm/croton/data/structure_pipeline/pdb/Q13523.pdb,exact_sequence_match,True
Q13541,,missing_pdb,False
Q13573,/data/ranran/my_ptm/croton/data/structure_pipeline/pdb/Q13573.pdb,exact_sequence_match,True
Q13586,/data/ranran/my_ptm/croton/data/structure_pipeline/pdb/Q13586.pdb,exact_sequence_match,True
Q13601,/data/ranran/my_ptm/croton/data/structure_pipeline/pdb/Q13601.pdb,exact_sequence_match,True
Q13616,/data/ranran/my_ptm/croton/data/structure_pipeline/pdb/Q13616.pdb,exact_sequence_match,True
Q13620,/data/ranran/my_ptm/croton/data/structure_pipeline/pdb/Q13620.pdb,exact_sequence_match,True
Q13642-4,,missing_pdb,False
Q13769,,missing_pdb,False
Q13796,,missing_pdb,False
Q13823,/data/ranran/my_ptm/croton/data/structure_pipeline/pdb/Q13823.pdb,exact_sequence_match,True
Q13825,,missing_pdb,False
Q13838-2,,missing_pdb,False
Q13951,,missing_pdb,False
Q14004,/data/ranran/my_ptm/croton/data/structure_pipeline/pdb/Q14004.pdb,exact_sequence_match,True
Q14008-3,,missing_pdb,False
Q14103-3,,missing_pdb,False
Q14152,/data/ranran/my_ptm/croton/data/structure_pipeline/pdb/Q14152.pdb,exact_sequence_match,True
Q14166,,missing_pdb,False
Q14181,/data/ranran/my_ptm/croton/data/structure_pipeline/pdb/Q14181.pdb,exact_sequence_match,True
Q14191,,missing_pdb,False
Q14241,,missing_pdb,False
Q14247,/data/ranran/my_ptm/croton/data/structure_pipeline/pdb/Q14247.pdb,exact_sequence_match,True
Q14320,/data/ranran/my_ptm/croton/data/structure_pipeline/pdb/Q14320.pdb,exact_sequence_match,True
Q14331,,missing_pdb,False
Q14493,,missing_pdb,False
Q14498,/data/ranran/my_ptm/croton/data/structure_pipeline/pdb/Q14498.pdb,exact_sequence_match,True
Q14527,/data/ranran/my_ptm/croton/data/structure_pipeline/pdb/Q14527.pdb,exact_sequence_match,True
Q14669-3,,missing_pdb,False
Q14676,,missing_pdb,False
Q14677,/data/ranran/my_ptm/croton/data/structure_pipeline/pdb/Q14677.pdb,exact_sequence_match,True
Q14684,/data/ranran/my_ptm/croton/data/structure_pipeline/pdb/Q14684.pdb,exact_sequence_match,True
Q14686,,missing_pdb,False
Q14687,,missing_pdb,False
Q14692,/data/ranran/my_ptm/croton/data/structure_pipeline/pdb/Q14692.pdb,exact_sequence_match,True
Q14694-2,,missing_pdb,False
Q14738,/data/ranran/my_ptm/croton/data/structure_pipeline/pdb/Q14738.pdb,exact_sequence_match,True
Q14781,,missing_pdb,False
Q14807,/data/ranran/my_ptm/croton/data/structure_pipeline/pdb/Q14807.pdb,exact_sequence_match,True
Q14839-2,,missing_pdb,False
Q14847-2,,missing_pdb,False
Q14919-2,,missing_pdb,False
Q14966,/data/ranran/my_ptm/croton/data/structure_pipeline/pdb/Q14966.pdb,exact_sequence_match,True
Q14978-2,,missing_pdb,False
Q14980,/data/ranran/my_ptm/croton/data/structure_pipeline/pdb/Q14980.pdb,exact_sequence_match,True
Q14997,,missing_pdb,False
Q15003,/data/ranran/my_ptm/croton/data/structure_pipeline/pdb/Q15003.pdb,exact_sequence_match,True
Q15004,/data/ranran/my_ptm/croton/data/structure_pipeline/pdb/Q15004.pdb,exact_sequence_match,True
Q15014,,missing_pdb,False
Q15019-2,,missing_pdb,False
Q15020,/data/ranran/my_ptm/croton/data/structure_pipeline/pdb/Q15020.pdb,exact_sequence_match,True
Q15022,,missing_pdb,False
Q15046,/data/ranran/my_ptm/croton/data/structure_pipeline/pdb/Q15046.pdb,exact_sequence_match,True
Q15047,,missing_pdb,False
Q15050,/data/ranran/my_ptm/croton/data/structure_pipeline/pdb/Q15050.pdb,exact_sequence_match,True
Q15054,/data/ranran/my_ptm/croton/data/structure_pipeline/pdb/Q15054.pdb,exact_sequence_match,True
Q15056,/data/ranran/my_ptm/croton/data/structure_pipeline/pdb/Q15056.pdb,exact_sequence_match,True
Q15061,/data/ranran/my_ptm/croton/data/structure_pipeline/pdb/Q15061.pdb,exact_sequence_match,True
Q15075,/data/ranran/my_ptm/croton/data/structure_pipeline/pdb/Q15075.pdb,exact_sequence_match,True
Q15269,/data/ranran/my_ptm/croton/data/structure_pipeline/pdb/Q15269.pdb,exact_sequence_match,True
Q15291-2,,missing_pdb,False
Q15345,/data/ranran/my_ptm/croton/data/structure_pipeline/pdb/Q15345.pdb,exact_sequence_match,True
Q15366-2,,missing_pdb,False
Q15397,/data/ranran/my_ptm/croton/data/structure_pipeline/pdb/Q15397.pdb,exact_sequence_match,True
Q15417,/data/ranran/my_ptm/croton/data/structure_pipeline/pdb/Q15417.pdb,exact_sequence_match,True
Q15428,/data/ranran/my_ptm/croton/data/structure_pipeline/pdb/Q15428.pdb,exact_sequence_match,True
Q15459,/data/ranran/my_ptm/croton/data/structure_pipeline/pdb/Q15459.pdb,exact_sequence_match,True
Q15532,,missing_pdb,False
Q15554,,missing_pdb,False
Q15637-5,,missing_pdb,False
Q15648,,missing_pdb,False
Q15652,/data/ranran/my_ptm/croton/data/structure_pipeline/pdb/Q15652.pdb,exact_sequence_match,True
Q15697,,missing_pdb,False
Q15717-2,,missing_pdb,False
Q15742,,missing_pdb,False
Q15819,,missing_pdb,False
Q15906-2,,missing_pdb,False
Q16513,/data/ranran/my_ptm/croton/data/structure_pipeline/pdb/Q16513.pdb,exact_sequence_match,True
Q16531,/data/ranran/my_ptm/croton/data/structure_pipeline/pdb/Q16531.pdb,exact_sequence_match,True
Q16537,,missing_pdb,False
Q16543,/data/ranran/my_ptm/croton/data/structure_pipeline/pdb/Q16543.pdb,exact_sequence_match,True
Q16625,,missing_pdb,False
Q16630-2,,missing_pdb,False
Q16637,/data/ranran/my_ptm/croton/data/structure_pipeline/pdb/Q16637.pdb,exact_sequence_match,True
Q16763,,missing_pdb,False
Q16775,,missing_pdb,False
Q16836-2,,missing_pdb,False
Q2KHR3,/data/ranran/my_ptm/croton/data/structure_pipeline/pdb/Q2KHR3.pdb,exact_sequence_match,True
Q2NL82,/data/ranran/my_ptm/croton/data/structure_pipeline/pdb/Q2NL82.pdb,exact_sequence_match,True
Q2TAL8,/data/ranran/my_ptm/croton/data/structure_pipeline/pdb/Q2TAL8.pdb,exact_sequence_match,True
Q2TB10,,missing_pdb,False
Q3MHD2-2,,missing_pdb,False
Q3SYG4,,missing_pdb,False
Q3YEC7-2,,missing_pdb,False
Q4G0J3-3,,missing_pdb,False
Q4G0P3,,missing_pdb,False
Q4L235,,missing_pdb,False
Q4LE39,,missing_pdb,False
Q504Q3,,missing_pdb,False
Q52LR7,,missing_pdb,False
Q53EL6,/data/ranran/my_ptm/croton/data/structure_pipeline/pdb/Q53EL6.pdb,exact_sequence_match,True
Q53F19,/data/ranran/my_ptm/croton/data/structure_pipeline/pdb/Q53F19.pdb,exact_sequence_match,True
Q53GG5,,missing_pdb,False
Q58FF8,/data/ranran/my_ptm/croton/data/structure_pipeline/pdb/Q58FF8.pdb,exact_sequence_match,True
Q5BKY9,,missing_pdb,False
Q5BKZ1,/data/ranran/my_ptm/croton/data/structure_pipeline/pdb/Q5BKZ1.pdb,exact_sequence_match,True
Q5HYJ3,,missing_pdb,False
Q5JSZ5,,missing_pdb,False
Q5JTH9,/data/ranran/my_ptm/croton/data/structure_pipeline/pdb/Q5JTH9.pdb,exact_sequence_match,True
Q5MNZ6,/data/ranran/my_ptm/croton/data/structure_pipeline/pdb/Q5MNZ6.pdb,exact_sequence_match,True
Q5PSV4,/data/ranran/my_ptm/croton/data/structure_pipeline/pdb/Q5PSV4.pdb,exact_sequence_match,True
Q5QJE6,/data/ranran/my_ptm/croton/data/structure_pipeline/pdb/Q5QJE6.pdb,exact_sequence_match,True
Q5QNW6-2,,missing_pdb,False
Q5SSJ5,/data/ranran/my_ptm/croton/data/structure_pipeline/pdb/Q5SSJ5.pdb,exact_sequence_match,True
Q5SW79,/data/ranran/my_ptm/croton/data/structure_pipeline/pdb/Q5SW79.pdb,exact_sequence_match,True
Q5T2D3,,missing_pdb,False
Q5T481,,missing_pdb,False
Q5T5X7,,missing_pdb,False
Q5T7W0,,missing_pdb,False
Q5TBB1,/data/ranran/my_ptm/croton/data/structure_pipeline/pdb/Q5TBB1.pdb,exact_sequence_match,True
Q5TC12,/data/ranran/my_ptm/croton/data/structure_pipeline/pdb/Q5TC12.pdb,exact_sequence_match,True
Q5UIP0-2,,missing_pdb,False
Q5VT52,/data/ranran/my_ptm/croton/data/structure_pipeline/pdb/Q5VT52.pdb,exact_sequence_match,True
Q5VTL8,/data/ranran/my_ptm/croton/data/structure_pipeline/pdb/Q5VTL8.pdb,exact_sequence_match,True
Q5VUA4,/data/ranran/my_ptm/croton/data/structure_pipeline/pdb/Q5VUA4.pdb,exact_sequence_match,True
Q5VWG9,,missing_pdb,False
Q5VZL5,/data/ranran/my_ptm/croton/data/structure_pipeline/pdb/Q5VZL5.pdb,exact_sequence_match,True
Q5W0B1,/data/ranran/my_ptm/croton/data/structure_pipeline/pdb/Q5W0B1.pdb,exact_sequence_match,True
Q659A1,,missing_pdb,False
Q66PJ3,,missing_pdb,False
Q68CP9,/data/ranran/my_ptm/croton/data/structure_pipeline/pdb/Q68CP9.pdb,exact_sequence_match,True
Q68CQ4,,missing_pdb,False
Q68DK7,,missing_pdb,False
Q68DU8,,missing_pdb,False
Q69YH5,,missing_pdb,False
Q69YN4,/data/ranran/my_ptm/croton/data/structure_pipeline/pdb/Q69YN4.pdb,exact_sequence_match,True
Q69YQ0,/data/ranran/my_ptm/croton/data/structure_pipeline/pdb/Q69YQ0.pdb;/data/ranran/my_ptm/croton/data/structure_pipeline/pdb/AF-Q69YQ0-F1-model_v6.pdb,sequence_mismatch,False
Q6DD87,,missing_pdb,False
Q6DKI1,,missing_pdb,False
Q6FI81,/data/ranran/my_ptm/croton/data/structure_pipeline/pdb/Q6FI81.pdb,exact_sequence_match,True
Q6FIF0,,missing_pdb,False
Q6GMV3,,missing_pdb,False
Q6GQQ9,,missing_pdb,False
Q6IBW4-4,,missing_pdb,False
Q6IN85,,missing_pdb,False
Q6KC79,,missing_pdb,False
Q6MZP7,,missing_pdb,False
Q6NVY1,/data/ranran/my_ptm/croton/data/structure_pipeline/pdb/Q6NVY1.pdb,exact_sequence_match,True
Q6NZI2,/data/ranran/my_ptm/croton/data/structure_pipeline/pdb/Q6NZI2.pdb,exact_sequence_match,True
Q6NZY4,,missing_pdb,False
Q6P1J9,/data/ranran/my_ptm/croton/data/structure_pipeline/pdb/Q6P1J9.pdb,exact_sequence_match,True
Q6P1M0,/data/ranran/my_ptm/croton/data/structure_pipeline/pdb/Q6P1M0.pdb,exact_sequence_match,True
Q6P1N0,/data/ranran/my_ptm/croton/data/structure_pipeline/pdb/Q6P1N0.pdb,exact_sequence_match,True
Q6P1R4,,missing_pdb,False
Q6P1X5,,missing_pdb,False
Q6P2C8,/data/ranran/my_ptm/croton/data/structure_pipeline/pdb/Q6P2C8.pdb,exact_sequence_match,True
Q6P2Q9,/data/ranran/my_ptm/croton/data/structure_pipeline/pdb/Q6P2Q9.pdb,exact_sequence_match,True
Q6P6C2-1,,missing_pdb,False
Q6PCB5,/data/ranran/my_ptm/croton/data/structure_pipeline/pdb/Q6PCB5.pdb,exact_sequence_match,True
Q6PH81,,missing_pdb,False
Q6PID6,/data/ranran/my_ptm/croton/data/structure_pipeline/pdb/Q6PID6.pdb,exact_sequence_match,True
Q6PJG2,,missing_pdb,False
Q6PJT7,/data/ranran/my_ptm/croton/data/structure_pipeline/pdb/Q6PJT7.pdb,exact_sequence_match,True
Q6PK04,,missing_pdb,False
Q6PKG0,/data/ranran/my_ptm/croton/data/structure_pipeline/pdb/Q6PKG0.pdb,exact_sequence_match,True
Q6RFH5,,missing_pdb,False
Q6UB35,/data/ranran/my_ptm/croton/data/structure_pipeline/pdb/Q6UB35.pdb,exact_sequence_match,True
Q6UB99,,missing_pdb,False
Q6UN15,/data/ranran/my_ptm/croton/data/structure_pipeline/pdb/Q6UN15.pdb,exact_sequence_match,True
Q6UUV7,,missing_pdb,False
Q6UWZ7,,missing_pdb,False
Q6UX04,/data/ranran/my_ptm/croton/data/structure_pipeline/pdb/Q6UX04.pdb,exact_sequence_match,True
Q6VMQ6-4,,missing_pdb,False
Q6VY07-2,,missing_pdb,False
Q6W2J9,,missing_pdb,False
Q6Y7W6,/data/ranran/my_ptm/croton/data/structure_pipeline/pdb/Q6Y7W6.pdb,exact_sequence_match,True
Q6ZRS2,,missing_pdb,False
Q6ZW49,,missing_pdb,False
Q76FK4,,missing_pdb,False
Q76L83,,missing_pdb,False
Q7L014,/data/ranran/my_ptm/croton/data/structure_pipeline/pdb/Q7L014.pdb,exact_sequence_match,True
Q7L2J0,,missing_pdb,False
Q7L4I2,/data/ranran/my_ptm/croton/data/structure_pipeline/pdb/Q7L4I2.pdb,exact_sequence_match,True
Q7L592,/data/ranran/my_ptm/croton/data/structure_pipeline/pdb/Q7L592.pdb,exact_sequence_match,True
Q7LBC6,/data/ranran/my_ptm/croton/data/structure_pipeline/pdb/Q7LBC6.pdb,exact_sequence_match,True
Q7LBR1,/data/ranran/my_ptm/croton/data/structure_pipeline/pdb/Q7LBR1.pdb,exact_sequence_match,True
Q7RTV0,/data/ranran/my_ptm/croton/data/structure_pipeline/pdb/Q7RTV0.pdb,exact_sequence_match,True
Q7Z2Z1,,missing_pdb,False
Q7Z333-4,,missing_pdb,False
Q7Z3D4,,missing_pdb,False
Q7Z3K3,/data/ranran/my_ptm/croton/data/structure_pipeline/pdb/Q7Z3K3.pdb,exact_sequence_match,True
Q7Z417,/data/ranran/my_ptm/croton/data/structure_pipeline/pdb/Q7Z417.pdb,exact_sequence_match,True
Q7Z4Q2,/data/ranran/my_ptm/croton/data/structure_pipeline/pdb/Q7Z4Q2.pdb,exact_sequence_match,True
Q7Z4V5-3,,missing_pdb,False
Q7Z589-7,,missing_pdb,False
Q7Z5J4,,missing_pdb,False
Q7Z5K2-3,,missing_pdb,False
Q7Z5L9,,missing_pdb,False
Q7Z6E9,/data/ranran/my_ptm/croton/data/structure_pipeline/pdb/Q7Z6E9.pdb,exact_sequence_match,True
Q7Z6K5-2,,missing_pdb,False
Q7Z6Z7,,missing_pdb,False
Q7Z7F0,,missing_pdb,False
Q7Z7K6,/data/ranran/my_ptm/croton/data/structure_pipeline/pdb/Q7Z7K6.pdb,exact_sequence_match,True
Q86SQ0,,missing_pdb,False
Q86TU7,/data/ranran/my_ptm/croton/data/structure_pipeline/pdb/Q86TU7.pdb,exact_sequence_match,True
Q86U38,,missing_pdb,False
Q86U86,,missing_pdb,False
Q86UE8,/data/ranran/my_ptm/croton/data/structure_pipeline/pdb/Q86UE8.pdb,exact_sequence_match,True
Q86UP3-5,,missing_pdb,False
Q86UV5-8,,missing_pdb,False
Q86V15,,missing_pdb,False
Q86V48,/data/ranran/my_ptm/croton/data/structure_pipeline/pdb/Q86V48.pdb,exact_sequence_match,True
Q86V81,/data/ranran/my_ptm/croton/data/structure_pipeline/pdb/Q86V81.pdb,exact_sequence_match,True
Q86VM9,/data/ranran/my_ptm/croton/data/structure_pipeline/pdb/Q86VM9.pdb,exact_sequence_match,True
Q86VV8,,missing_pdb,False
Q86W50,/data/ranran/my_ptm/croton/data/structure_pipeline/pdb/Q86W50.pdb,exact_sequence_match,True
Q86W56,,missing_pdb,False
Q86WB0,/data/ranran/my_ptm/croton/data/structure_pipeline/pdb/Q86WB0.pdb,exact_sequence_match,True
Q86XP3,/data/ranran/my_ptm/croton/data/structure_pipeline/pdb/Q86XP3.pdb,exact_sequence_match,True
Q86YP4-2,,missing_pdb,False
Q8IUF8,/data/ranran/my_ptm/croton/data/structure_pipeline/pdb/Q8IUF8.pdb,exact_sequence_match,True
Q8IV32,,missing_pdb,False
Q8IV56,,missing_pdb,False
Q8IWD4,,missing_pdb,False
Q8IWS0,/data/ranran/my_ptm/croton/data/structure_pipeline/pdb/Q8IWS0.pdb,exact_sequence_match,True
Q8IWX8,/data/ranran/my_ptm/croton/data/structure_pipeline/pdb/Q8IWX8.pdb,exact_sequence_match,True
Q8IWZ8,,missing_pdb,False
Q8IX01,/data/ranran/my_ptm/croton/data/structure_pipeline/pdb/Q8IX01.pdb,exact_sequence_match,True
Q8IXQ4,,missing_pdb,False
Q8IXW5,,missing_pdb,False
Q8IY18,/data/ranran/my_ptm/croton/data/structure_pipeline/pdb/Q8IY18.pdb,exact_sequence_match,True
Q8IY37,/data/ranran/my_ptm/croton/data/structure_pipeline/pdb/Q8IY37.pdb,exact_sequence_match,True
Q8IY81,/data/ranran/my_ptm/croton/data/structure_pipeline/pdb/Q8IY81.pdb,exact_sequence_match,True
Q8IY92,,missing_pdb,False
Q8IYA6,,missing_pdb,False
Q8IYB1,,missing_pdb,False
Q8IYB3,/data/ranran/my_ptm/croton/data/structure_pipeline/pdb/Q8IYB3.pdb,exact_sequence_match,True
Q8IYH5,/data/ranran/my_ptm/croton/data/structure_pipeline/pdb/Q8IYH5.pdb,exact_sequence_match,True
Q8IYL3,,missing_pdb,False
Q8IZD2,,missing_pdb,False
Q8IZH2,/data/ranran/my_ptm/croton/data/structure_pipeline/pdb/Q8IZH2.pdb,exact_sequence_match,True
Q8IZL8,/data/ranran/my_ptm/croton/data/structure_pipeline/pdb/Q8IZL8.pdb,exact_sequence_match,True
Q8IZQ5,,missing_pdb,False
Q8N0X7,/data/ranran/my_ptm/croton/data/structure_pipeline/pdb/Q8N0X7.pdb,exact_sequence_match,True
Q8N1G1,,missing_pdb,False
Q8N1G2,/data/ranran/my_ptm/croton/data/structure_pipeline/pdb/Q8N1G2.pdb,exact_sequence_match,True
Q8N2M8,/data/ranran/my_ptm/croton/data/structure_pipeline/pdb/Q8N2M8.pdb;/data/ranran/my_ptm/croton/data/structure_pipeline/pdb/AF-Q8N2M8-F1-model_v6.pdb,sequence_mismatch,False
Q8N302,,missing_pdb,False
Q8N3X1-2,,missing_pdb,False
Q8N3X6,,missing_pdb,False
Q8N488,,missing_pdb,False
Q8N4S0,,missing_pdb,False
Q8N5C6,,missing_pdb,False
Q8N5F7,,missing_pdb,False
Q8N5I9,/data/ranran/my_ptm/croton/data/structure_pipeline/pdb/Q8N5I9.pdb,exact_sequence_match,True
Q8N5P1,,missing_pdb,False
Q8N6H7,,missing_pdb,False
Q8N6N3,,missing_pdb,False
Q8N6T3,/data/ranran/my_ptm/croton/data/structure_pipeline/pdb/Q8N6T3.pdb,exact_sequence_match,True
Q8N8R7,,missing_pdb,False
Q8N954,,missing_pdb,False
Q8N9M1,,missing_pdb,False
Q8N9N8,,missing_pdb,False
Q8N9T8,,missing_pdb,False
Q8NA72,/data/ranran/my_ptm/croton/data/structure_pipeline/pdb/Q8NA72.pdb,exact_sequence_match,True
Q8NBF2,/data/ranran/my_ptm/croton/data/structure_pipeline/pdb/Q8NBF2.pdb,exact_sequence_match,True
Q8NC51,/data/ranran/my_ptm/croton/data/structure_pipeline/pdb/Q8NC51.pdb,exact_sequence_match,True
Q8NC96,,missing_pdb,False
Q8NCN2,,missing_pdb,False
Q8NCN4,,missing_pdb,False
Q8ND56,/data/ranran/my_ptm/croton/data/structure_pipeline/pdb/Q8ND56.pdb,exact_sequence_match,True
Q8ND82,,missing_pdb,False
Q8NDD1,/data/ranran/my_ptm/croton/data/structure_pipeline/pdb/Q8NDD1.pdb,exact_sequence_match,True
Q8NDX6,,missing_pdb,False
Q8NE71,/data/ranran/my_ptm/croton/data/structure_pipeline/pdb/Q8NE71.pdb,exact_sequence_match,True
Q8NE86,/data/ranran/my_ptm/croton/data/structure_pipeline/pdb/Q8NE86.pdb,exact_sequence_match,True
Q8NEL9,,missing_pdb,False
Q8NFC6,,missing_pdb,False
Q8NFW8,/data/ranran/my_ptm/croton/data/structure_pipeline/pdb/Q8NFW8.pdb,exact_sequence_match,True
Q8NH05,,missing_pdb,False
Q8NHM5,,missing_pdb,False
Q8NI27,/data/ranran/my_ptm/croton/data/structure_pipeline/pdb/Q8NI27.pdb,exact_sequence_match,True
Q8TAE6,,missing_pdb,False
Q8TAQ2,/data/ranran/my_ptm/croton/data/structure_pipeline/pdb/Q8TAQ2.pdb,exact_sequence_match,True
Q8TBZ6,,missing_pdb,False
Q8TCJ2,/data/ranran/my_ptm/croton/data/structure_pipeline/pdb/Q8TCJ2.pdb,exact_sequence_match,True
Q8TCS8,/data/ranran/my_ptm/croton/data/structure_pipeline/pdb/Q8TCS8.pdb,exact_sequence_match,True
Q8TDN6,/data/ranran/my_ptm/croton/data/structure_pipeline/pdb/Q8TDN6.pdb,exact_sequence_match,True
Q8TEA8,,missing_pdb,False
Q8TEK3,,missing_pdb,False
Q8TEQ6,/data/ranran/my_ptm/croton/data/structure_pipeline/pdb/Q8TEQ6.pdb,exact_sequence_match,True
Q8TEW0,,missing_pdb,False
Q8TF68,,missing_pdb,False
Q8WTT2,/data/ranran/my_ptm/croton/data/structure_pipeline/pdb/Q8WTT2.pdb,exact_sequence_match,True
Q8WU10,/data/ranran/my_ptm/croton/data/structure_pipeline/pdb/Q8WU10.pdb,exact_sequence_match,True
Q8WU90,/data/ranran/my_ptm/croton/data/structure_pipeline/pdb/Q8WU90.pdb,exact_sequence_match,True
Q8WUA2,/data/ranran/my_ptm/croton/data/structure_pipeline/pdb/Q8WUA2.pdb,exact_sequence_match,True
Q8WUA4,,missing_pdb,False
Q8WUB8,,missing_pdb,False
Q8WUM0,/data/ranran/my_ptm/croton/data/structure_pipeline/pdb/Q8WUM0.pdb,exact_sequence_match,True
Q8WV28,,missing_pdb,False
Q8WVK2,/data/ranran/my_ptm/croton/data/structure_pipeline/pdb/Q8WVK2.pdb,exact_sequence_match,True
Q8WVM7,/data/ranran/my_ptm/croton/data/structure_pipeline/pdb/Q8WVM7.pdb,exact_sequence_match,True
Q8WW12,,missing_pdb,False
Q8WWM7-3,,missing_pdb,False
Q8WWQ0,,missing_pdb,False
Q8WWY3,/data/ranran/my_ptm/croton/data/structure_pipeline/pdb/Q8WWY3.pdb,exact_sequence_match,True
Q8WXA9-2,,missing_pdb,False
Q8WXE1,/data/ranran/my_ptm/croton/data/structure_pipeline/pdb/Q8WXE1.pdb,exact_sequence_match,True
Q8WXF1,,missing_pdb,False
Q8WXH0-2,,missing_pdb,False
Q8WY36,,missing_pdb,False
Q8WY91,,missing_pdb,False
Q8WYP5-2,,missing_pdb,False
Q8WYQ5,,missing_pdb,False
Q92466,,missing_pdb,False
Q92499,/data/ranran/my_ptm/croton/data/structure_pipeline/pdb/Q92499.pdb,exact_sequence_match,True
Q92522,/data/ranran/my_ptm/croton/data/structure_pipeline/pdb/Q92522.pdb,exact_sequence_match,True
Q92541,/data/ranran/my_ptm/croton/data/structure_pipeline/pdb/Q92541.pdb,exact_sequence_match,True
Q92576,/data/ranran/my_ptm/croton/data/structure_pipeline/pdb/Q92576.pdb,exact_sequence_match,True
Q92610,,missing_pdb,False
Q92613,,missing_pdb,False
Q92618,,missing_pdb,False
Q92620,/data/ranran/my_ptm/croton/data/structure_pipeline/pdb/Q92620.pdb,exact_sequence_match,True
Q92686,,missing_pdb,False
Q92733,/data/ranran/my_ptm/croton/data/structure_pipeline/pdb/Q92733.pdb,exact_sequence_match,True
Q92766-2,,missing_pdb,False
Q92769,/data/ranran/my_ptm/croton/data/structure_pipeline/pdb/Q92769.pdb,exact_sequence_match,True
Q92785,,missing_pdb,False
Q92793,/data/ranran/my_ptm/croton/data/structure_pipeline/pdb/Q92793.pdb,exact_sequence_match,True
Q92794,,missing_pdb,False
Q92796,,missing_pdb,False
Q92797,/data/ranran/my_ptm/croton/data/structure_pipeline/pdb/Q92797.pdb,exact_sequence_match,True
Q92841,/data/ranran/my_ptm/croton/data/structure_pipeline/pdb/Q92841.pdb,exact_sequence_match,True
Q92900,/data/ranran/my_ptm/croton/data/structure_pipeline/pdb/Q92900.pdb,exact_sequence_match,True
Q92917,/data/ranran/my_ptm/croton/data/structure_pipeline/pdb/Q92917.pdb,exact_sequence_match,True
Q92945,/data/ranran/my_ptm/croton/data/structure_pipeline/pdb/Q92945.pdb,exact_sequence_match,True
Q92995,,missing_pdb,False
Q93009,/data/ranran/my_ptm/croton/data/structure_pipeline/pdb/Q93009.pdb,exact_sequence_match,True
Q93045-2,,missing_pdb,False
Q93052,/data/ranran/my_ptm/croton/data/structure_pipeline/pdb/Q93052.pdb,exact_sequence_match,True
Q969S9,,missing_pdb,False
Q969T4,,missing_pdb,False
Q96A72,/data/ranran/my_ptm/croton/data/structure_pipeline/pdb/Q96A72.pdb,exact_sequence_match,True
Q96AG4,/data/ranran/my_ptm/croton/data/structure_pipeline/pdb/Q96AG4.pdb,exact_sequence_match,True
Q96AT1,/data/ranran/my_ptm/croton/data/structure_pipeline/pdb/Q96AT1.pdb,exact_sequence_match,True
Q96B01,,missing_pdb,False
Q96BD5-3,,missing_pdb,False
Q96BP3,/data/ranran/my_ptm/croton/data/structure_pipeline/pdb/Q96BP3.pdb,exact_sequence_match,True
Q96BX8,,missing_pdb,False
Q96C86,/data/ranran/my_ptm/croton/data/structure_pipeline/pdb/Q96C86.pdb,exact_sequence_match,True
Q96CB8,,missing_pdb,False
Q96CM8-2,,missing_pdb,False
Q96CP2,,missing_pdb,False
Q96CT7,/data/ranran/my_ptm/croton/data/structure_pipeline/pdb/Q96CT7.pdb,exact_sequence_match,True
Q96DE5,,missing_pdb,False
Q96DI7-2,,missing_pdb,False
Q96DT7,,missing_pdb,False
Q96E09,,missing_pdb,False
Q96EV2,,missing_pdb,False
Q96EY1,/data/ranran/my_ptm/croton/data/structure_pipeline/pdb/Q96EY1.pdb,exact_sequence_match,True
Q96EY4,/data/ranran/my_ptm/croton/data/structure_pipeline/pdb/Q96EY4.pdb,exact_sequence_match,True
Q96EY7,/data/ranran/my_ptm/croton/data/structure_pipeline/pdb/Q96EY7.pdb,exact_sequence_match,True
Q96EY8,/data/ranran/my_ptm/croton/data/structure_pipeline/pdb/Q96EY8.pdb,exact_sequence_match,True
Q96EZ8-2,,missing_pdb,False
Q96F86,/data/ranran/my_ptm/croton/data/structure_pipeline/pdb/Q96F86.pdb,exact_sequence_match,True
Q96G46,/data/ranran/my_ptm/croton/data/structure_pipeline/pdb/Q96G46.pdb,exact_sequence_match,True
Q96G74,/data/ranran/my_ptm/croton/data/structure_pipeline/pdb/Q96G74.pdb,exact_sequence_match,True
Q96GM5,/data/ranran/my_ptm/croton/data/structure_pipeline/pdb/Q96GM5.pdb,exact_sequence_match,True
Q96GQ7,,missing_pdb,False
Q96GX5,,missing_pdb,False
Q96GX9,,missing_pdb,False
Q96H20,,missing_pdb,False
Q96HA1,/data/ranran/my_ptm/croton/data/structure_pipeline/pdb/Q96HA1.pdb,exact_sequence_match,True
Q96HC4,/data/ranran/my_ptm/croton/data/structure_pipeline/pdb/Q96HC4.pdb,exact_sequence_match,True
Q96HJ9-2,,missing_pdb,False
Q96HN2-2,,missing_pdb,False
Q96HW7,,missing_pdb,False
Q96I25,/data/ranran/my_ptm/croton/data/structure_pipeline/pdb/Q96I25.pdb,exact_sequence_match,True
Q96I99-2,,missing_pdb,False
Q96IZ0,/data/ranran/my_ptm/croton/data/structure_pipeline/pdb/Q96IZ0.pdb,exact_sequence_match,True
Q96JB3,,missing_pdb,False
Q96JC9,,missing_pdb,False
Q96JH7,,missing_pdb,False
Q96JM2-3,,missing_pdb,False
Q96JM3,,missing_pdb,False
Q96JP5,,missing_pdb,False
Q96KB5-2,,missing_pdb,False
Q96KM6,/data/ranran/my_ptm/croton/data/structure_pipeline/pdb/Q96KM6.pdb,exact_sequence_match,True
Q96KR1,/data/ranran/my_ptm/croton/data/structure_pipeline/pdb/Q96KR1.pdb,exact_sequence_match,True
Q96L91,,missing_pdb,False
Q96ME7,/data/ranran/my_ptm/croton/data/structure_pipeline/pdb/Q96ME7.pdb,exact_sequence_match,True
Q96MU7,/data/ranran/my_ptm/croton/data/structure_pipeline/pdb/Q96MU7.pdb,exact_sequence_match,True
Q96N11,,missing_pdb,False
Q96N64,,missing_pdb,False
Q96NB3,/data/ranran/my_ptm/croton/data/structure_pipeline/pdb/Q96NB3.pdb,exact_sequence_match,True
Q96NC0,/data/ranran/my_ptm/croton/data/structure_pipeline/pdb/Q96NC0.pdb,exact_sequence_match,True
Q96PE2,,missing_pdb,False
Q96PE7,,missing_pdb,False
Q96PK6,/data/ranran/my_ptm/croton/data/structure_pipeline/pdb/Q96PK6.pdb,exact_sequence_match,True
Q96Q83,/data/ranran/my_ptm/croton/data/structure_pipeline/pdb/Q96Q83.pdb,exact_sequence_match,True
Q96Q89-4,,missing_pdb,False
Q96QE5,/data/ranran/my_ptm/croton/data/structure_pipeline/pdb/Q96QE5.pdb,exact_sequence_match,True
Q96RE7,,missing_pdb,False
Q96RK0,,missing_pdb,False
Q96RL1,,missing_pdb,False
Q96S53,,missing_pdb,False
Q96S55,/data/ranran/my_ptm/croton/data/structure_pipeline/pdb/Q96S55.pdb,exact_sequence_match,True
Q96ST2,/data/ranran/my_ptm/croton/data/structure_pipeline/pdb/Q96ST2.pdb,exact_sequence_match,True
Q96ST3,/data/ranran/my_ptm/croton/data/structure_pipeline/pdb/Q96ST3.pdb,exact_sequence_match,True
Q96T23,/data/ranran/my_ptm/croton/data/structure_pipeline/pdb/Q96T23.pdb,exact_sequence_match,True
Q96T37,/data/ranran/my_ptm/croton/data/structure_pipeline/pdb/Q96T37.pdb,exact_sequence_match,True
Q96T58,,missing_pdb,False
Q96T60,,missing_pdb,False
Q96T88-2,,missing_pdb,False
Q99426,/data/ranran/my_ptm/croton/data/structure_pipeline/pdb/Q99426.pdb,exact_sequence_match,True
Q99459,/data/ranran/my_ptm/croton/data/structure_pipeline/pdb/Q99459.pdb,exact_sequence_match,True
Q99504,,missing_pdb,False
Q99547,,missing_pdb,False
Q99549-2,,missing_pdb,False
Q99590,/data/ranran/my_ptm/croton/data/structure_pipeline/pdb/Q99590.pdb,exact_sequence_match,True
Q99598,/data/ranran/my_ptm/croton/data/structure_pipeline/pdb/Q99598.pdb,exact_sequence_match,True
Q99623,/data/ranran/my_ptm/croton/data/structure_pipeline/pdb/Q99623.pdb,exact_sequence_match,True
Q99798,/data/ranran/my_ptm/croton/data/structure_pipeline/pdb/Q99798.pdb,exact_sequence_match,True
Q99829,,missing_pdb,False
Q99848,/data/ranran/my_ptm/croton/data/structure_pipeline/pdb/Q99848.pdb,exact_sequence_match,True
Q99856,,missing_pdb,False
Q99884,,missing_pdb,False
Q99961,/data/ranran/my_ptm/croton/data/structure_pipeline/pdb/Q99961.pdb,exact_sequence_match,True
Q99986,/data/ranran/my_ptm/croton/data/structure_pipeline/pdb/Q99986.pdb,exact_sequence_match,True
Q9BPX3,/data/ranran/my_ptm/croton/data/structure_pipeline/pdb/Q9BPX3.pdb,exact_sequence_match,True
Q9BQ52,/data/ranran/my_ptm/croton/data/structure_pipeline/pdb/Q9BQ52.pdb,exact_sequence_match,True
Q9BQ61,/data/ranran/my_ptm/croton/data/structure_pipeline/pdb/Q9BQ61.pdb,exact_sequence_match,True
Q9BQ69,/data/ranran/my_ptm/croton/data/structure_pipeline/pdb/Q9BQ69.pdb,exact_sequence_match,True
Q9BQ70,,missing_pdb,False
Q9BQG0-2,,missing_pdb,False
Q9BQI0-2,,missing_pdb,False
Q9BR39,,missing_pdb,False
Q9BR76,/data/ranran/my_ptm/croton/data/structure_pipeline/pdb/Q9BR76.pdb,exact_sequence_match,True
Q9BRJ6,,missing_pdb,False
Q9BRK4,,missing_pdb,False
Q9BRR8,,missing_pdb,False
Q9BRX5-3,,missing_pdb,False
Q9BSM1,/data/ranran/my_ptm/croton/data/structure_pipeline/pdb/Q9BSM1.pdb,exact_sequence_match,True
Q9BST9,,missing_pdb,False
Q9BT23,,missing_pdb,False
Q9BTA9,,missing_pdb,False
Q9BTC0,/data/ranran/my_ptm/croton/data/structure_pipeline/pdb/Q9BTC0.pdb,exact_sequence_match,True
Q9BTE7,,missing_pdb,False
Q9BTF0,,missing_pdb,False
Q9BTK6,,missing_pdb,False
Q9BU76,,missing_pdb,False
Q9BUH6,,missing_pdb,False
Q9BUL5,,missing_pdb,False
Q9BUQ8,/data/ranran/my_ptm/croton/data/structure_pipeline/pdb/Q9BUQ8.pdb,exact_sequence_match,True
Q9BV79,,missing_pdb,False
Q9BVC5,,missing_pdb,False
Q9BVJ6,/data/ranran/my_ptm/croton/data/structure_pipeline/pdb/Q9BVJ6.pdb,exact_sequence_match,True
Q9BVP2,/data/ranran/my_ptm/croton/data/structure_pipeline/pdb/Q9BVP2.pdb,exact_sequence_match,True
Q9BW19,,missing_pdb,False
Q9BW61,,missing_pdb,False
Q9BW71,/data/ranran/my_ptm/croton/data/structure_pipeline/pdb/Q9BW71.pdb,exact_sequence_match,True
Q9BWG6,,missing_pdb,False
Q9BWU0,,missing_pdb,False
Q9BXS6,/data/ranran/my_ptm/croton/data/structure_pipeline/pdb/Q9BXS6.pdb,exact_sequence_match,True
Q9BXW9-1,,missing_pdb,False
Q9BY42,/data/ranran/my_ptm/croton/data/structure_pipeline/pdb/Q9BY42.pdb,exact_sequence_match,True
Q9BYG3,/data/ranran/my_ptm/croton/data/structure_pipeline/pdb/Q9BYG3.pdb,exact_sequence_match,True
Q9BYI3-3,,missing_pdb,False
Q9BYT3,,missing_pdb,False
Q9BYW2,/data/ranran/my_ptm/croton/data/structure_pipeline/pdb/Q9BYW2.pdb,exact_sequence_match,True
Q9BZ95,,missing_pdb,False
Q9BZE9-2,,missing_pdb,False
Q9BZF1,/data/ranran/my_ptm/croton/data/structure_pipeline/pdb/Q9BZF1.pdb,exact_sequence_match,True
Q9BZJ0-2,,missing_pdb,False
Q9BZZ5,/data/ranran/my_ptm/croton/data/structure_pipeline/pdb/Q9BZZ5.pdb,exact_sequence_match,True
Q9C086,,missing_pdb,False
Q9C0J8,,missing_pdb,False
Q9GZL7,/data/ranran/my_ptm/croton/data/structure_pipeline/pdb/Q9GZL7.pdb,exact_sequence_match,True
Q9GZR1,,missing_pdb,False
Q9GZR7,/data/ranran/my_ptm/croton/data/structure_pipeline/pdb/Q9GZR7.pdb,exact_sequence_match,True
Q9GZU8,/data/ranran/my_ptm/croton/data/structure_pipeline/pdb/Q9GZU8.pdb,exact_sequence_match,True
Q9H000,/data/ranran/my_ptm/croton/data/structure_pipeline/pdb/Q9H000.pdb,exact_sequence_match,True
Q9H0A0,/data/ranran/my_ptm/croton/data/structure_pipeline/pdb/Q9H0A0.pdb,exact_sequence_match,True
Q9H0C8,/data/ranran/my_ptm/croton/data/structure_pipeline/pdb/Q9H0C8.pdb,exact_sequence_match,True
Q9H0G5,,missing_pdb,False
Q9H0H5,/data/ranran/my_ptm/croton/data/structure_pipeline/pdb/Q9H0H5.pdb,exact_sequence_match,True
Q9H0S4,,missing_pdb,False
Q9H1E3,,missing_pdb,False
Q9H267,/data/ranran/my_ptm/croton/data/structure_pipeline/pdb/Q9H267.pdb,exact_sequence_match,True
Q9H2J4,/data/ranran/my_ptm/croton/data/structure_pipeline/pdb/Q9H2J4.pdb,exact_sequence_match,True
Q9H2P0,,missing_pdb,False
Q9H2U1,/data/ranran/my_ptm/croton/data/structure_pipeline/pdb/Q9H2U1.pdb,exact_sequence_match,True
Q9H2U2-2,,missing_pdb,False
Q9H307,/data/ranran/my_ptm/croton/data/structure_pipeline/pdb/Q9H307.pdb,exact_sequence_match,True
Q9H3P2,/data/ranran/my_ptm/croton/data/structure_pipeline/pdb/Q9H3P2.pdb,exact_sequence_match,True
Q9H3U1,/data/ranran/my_ptm/croton/data/structure_pipeline/pdb/Q9H3U1.pdb,exact_sequence_match,True
Q9H425,,missing_pdb,False
Q9H444,/data/ranran/my_ptm/croton/data/structure_pipeline/pdb/Q9H444.pdb,exact_sequence_match,True
Q9H467,/data/ranran/my_ptm/croton/data/structure_pipeline/pdb/Q9H467.pdb,exact_sequence_match,True
Q9H4A3-7,,missing_pdb,False
Q9H4I2-2,,missing_pdb,False
Q9H4L4,,missing_pdb,False
Q9H4L7-2,,missing_pdb,False
Q9H501,/data/ranran/my_ptm/croton/data/structure_pipeline/pdb/Q9H501.pdb,exact_sequence_match,True
Q9H582,,missing_pdb,False
Q9H583,/data/ranran/my_ptm/croton/data/structure_pipeline/pdb/Q9H583.pdb,exact_sequence_match,True
Q9H5V9,,missing_pdb,False
Q9H6E5,/data/ranran/my_ptm/croton/data/structure_pipeline/pdb/Q9H6E5.pdb,exact_sequence_match,True
Q9H6F5,/data/ranran/my_ptm/croton/data/structure_pipeline/pdb/Q9H6F5.pdb,exact_sequence_match,True
Q9H6P5,,missing_pdb,False
Q9H6R4,/data/ranran/my_ptm/croton/data/structure_pipeline/pdb/Q9H6R4.pdb,exact_sequence_match,True
Q9H6U8-3,,missing_pdb,False
Q9H6Z4,/data/ranran/my_ptm/croton/data/structure_pipeline/pdb/Q9H6Z4.pdb,exact_sequence_match,True
Q9H7L9,,missing_pdb,False
Q9H7N4,,missing_pdb,False
Q9H814,/data/ranran/my_ptm/croton/data/structure_pipeline/pdb/Q9H814.pdb,exact_sequence_match,True
Q9H875,/data/ranran/my_ptm/croton/data/structure_pipeline/pdb/Q9H875.pdb,exact_sequence_match,True
Q9H892-2,,missing_pdb,False
Q9H8H0,/data/ranran/my_ptm/croton/data/structure_pipeline/pdb/Q9H8H0.pdb,exact_sequence_match,True
Q9H8H2,/data/ranran/my_ptm/croton/data/structure_pipeline/pdb/Q9H8H2.pdb,exact_sequence_match,True
Q9H8V3-3,,missing_pdb,False
Q9H910-3,,missing_pdb,False
Q9H9A6,/data/ranran/my_ptm/croton/data/structure_pipeline/pdb/Q9H9A6.pdb,exact_sequence_match,True
Q9H9A7,,missing_pdb,False
Q9H9B1,,missing_pdb,False
Q9H9J2,,missing_pdb,False
Q9HAF1,,missing_pdb,False
Q9HAV4,/data/ranran/my_ptm/croton/data/structure_pipeline/pdb/Q9HAV4.pdb,exact_sequence_match,True
Q9HAV7,/data/ranran/my_ptm/croton/data/structure_pipeline/pdb/Q9HAV7.pdb,exact_sequence_match,True
Q9HB71,/data/ranran/my_ptm/croton/data/structure_pipeline/pdb/Q9HB71.pdb,exact_sequence_match,True
Q9HBE1,,missing_pdb,False
Q9HBI1,,missing_pdb,False
Q9HC35,/data/ranran/my_ptm/croton/data/structure_pipeline/pdb/Q9HC35.pdb,exact_sequence_match,True
Q9HCG8,,missing_pdb,False
Q9HCN4-5,,missing_pdb,False
Q9HCS7,/data/ranran/my_ptm/croton/data/structure_pipeline/pdb/Q9HCS7.pdb,exact_sequence_match,True
Q9HCU8,,missing_pdb,False
Q9HD33,/data/ranran/my_ptm/croton/data/structure_pipeline/pdb/Q9HD33.pdb,exact_sequence_match,True
Q9NP50,,missing_pdb,False
Q9NP66,/data/ranran/my_ptm/croton/data/structure_pipeline/pdb/Q9NP66.pdb,exact_sequence_match,True
Q9NP81-2,,missing_pdb,False
Q9NPD8,,missing_pdb,False
Q9NPG3,,missing_pdb,False
Q9NPJ3,,missing_pdb,False
Q9NPJ6,/data/ranran/my_ptm/croton/data/structure_pipeline/pdb/Q9NPJ6.pdb,exact_sequence_match,True
Q9NQ55,/data/ranran/my_ptm/croton/data/structure_pipeline/pdb/Q9NQ55.pdb,exact_sequence_match,True
Q9NQS7,/data/ranran/my_ptm/croton/data/structure_pipeline/pdb/Q9NQS7.pdb,exact_sequence_match,True
Q9NQW6,/data/ranran/my_ptm/croton/data/structure_pipeline/pdb/Q9NQW6.pdb,exact_sequence_match,True
Q9NQZ2,/data/ranran/my_ptm/croton/data/structure_pipeline/pdb/Q9NQZ2.pdb,exact_sequence_match,True
Q9NR30,/data/ranran/my_ptm/croton/data/structure_pipeline/pdb/Q9NR30.pdb,exact_sequence_match,True
Q9NR33,/data/ranran/my_ptm/croton/data/structure_pipeline/pdb/Q9NR33.pdb,exact_sequence_match,True
Q9NR50,/data/ranran/my_ptm/croton/data/structure_pipeline/pdb/Q9NR50.pdb,exact_sequence_match,True
Q9NRG0,/data/ranran/my_ptm/croton/data/structure_pipeline/pdb/Q9NRG0.pdb,exact_sequence_match,True
Q9NRL2,/data/ranran/my_ptm/croton/data/structure_pipeline/pdb/Q9NRL2.pdb,exact_sequence_match,True
Q9NRY2,/data/ranran/my_ptm/croton/data/structure_pipeline/pdb/Q9NRY2.pdb,exact_sequence_match,True
Q9NRZ9,/data/ranran/my_ptm/croton/data/structure_pipeline/pdb/Q9NRZ9.pdb,exact_sequence_match,True
Q9NSE4,/data/ranran/my_ptm/croton/data/structure_pipeline/pdb/Q9NSE4.pdb,exact_sequence_match,True
Q9NTI5,/data/ranran/my_ptm/croton/data/structure_pipeline/pdb/Q9NTI5.pdb,exact_sequence_match,True
Q9NTJ3,/data/ranran/my_ptm/croton/data/structure_pipeline/pdb/Q9NTJ3.pdb,exact_sequence_match,True
Q9NTX5,,missing_pdb,False
Q9NU22,,missing_pdb,False
Q9NUQ8,/data/ranran/my_ptm/croton/data/structure_pipeline/pdb/Q9NUQ8.pdb,exact_sequence_match,True
Q9NUW8,,missing_pdb,False
Q9NV56,,missing_pdb,False
Q9NV70,/data/ranran/my_ptm/croton/data/structure_pipeline/pdb/Q9NV70.pdb,exact_sequence_match,True
Q9NVG8,/data/ranran/my_ptm/croton/data/structure_pipeline/pdb/Q9NVG8.pdb,exact_sequence_match,True
Q9NVH6-8,,missing_pdb,False
Q9NVI1,/data/ranran/my_ptm/croton/data/structure_pipeline/pdb/Q9NVI1.pdb,exact_sequence_match,True
Q9NVM6,/data/ranran/my_ptm/croton/data/structure_pipeline/pdb/Q9NVM6.pdb,exact_sequence_match,True
Q9NVN8,/data/ranran/my_ptm/croton/data/structure_pipeline/pdb/Q9NVN8.pdb,exact_sequence_match,True
Q9NVP1,/data/ranran/my_ptm/croton/data/structure_pipeline/pdb/Q9NVP1.pdb,exact_sequence_match,True
Q9NVQ4-2,,missing_pdb,False
Q9NVR2,,missing_pdb,False
Q9NVT9,/data/ranran/my_ptm/croton/data/structure_pipeline/pdb/Q9NVT9.pdb,exact_sequence_match,True
Q9NVU7,/data/ranran/my_ptm/croton/data/structure_pipeline/pdb/Q9NVU7.pdb,exact_sequence_match,True
Q9NW13,/data/ranran/my_ptm/croton/data/structure_pipeline/pdb/Q9NW13.pdb,exact_sequence_match,True
Q9NW64,/data/ranran/my_ptm/croton/data/structure_pipeline/pdb/Q9NW64.pdb,exact_sequence_match,True
Q9NW82,/data/ranran/my_ptm/croton/data/structure_pipeline/pdb/Q9NW82.pdb,exact_sequence_match,True
Q9NWH9,/data/ranran/my_ptm/croton/data/structure_pipeline/pdb/Q9NWH9.pdb,exact_sequence_match,True
Q9NWT1,/data/ranran/my_ptm/croton/data/structure_pipeline/pdb/Q9NWT1.pdb,exact_sequence_match,True
Q9NWV4,/data/ranran/my_ptm/croton/data/structure_pipeline/pdb/Q9NWV4.pdb,exact_sequence_match,True
Q9NX38,,missing_pdb,False
Q9NX40,/data/ranran/my_ptm/croton/data/structure_pipeline/pdb/Q9NX40.pdb,exact_sequence_match,True
Q9NX58,/data/ranran/my_ptm/croton/data/structure_pipeline/pdb/Q9NX58.pdb;/data/ranran/my_ptm/croton/data/structure_pipeline/pdb/AF-Q9NX58-F1-model_v6.pdb,sequence_mismatch,False
Q9NXF1,/data/ranran/my_ptm/croton/data/structure_pipeline/pdb/Q9NXF1.pdb,exact_sequence_match,True
Q9NXG2,/data/ranran/my_ptm/croton/data/structure_pipeline/pdb/Q9NXG2.pdb,exact_sequence_match,True
Q9NXH9,/data/ranran/my_ptm/croton/data/structure_pipeline/pdb/Q9NXH9.pdb,exact_sequence_match,True
Q9NXV6,,missing_pdb,False
Q9NXX6,,missing_pdb,False
Q9NY61,/data/ranran/my_ptm/croton/data/structure_pipeline/pdb/Q9NY61.pdb,exact_sequence_match,True
Q9NYB0,,missing_pdb,False
Q9NYK5-2,,missing_pdb,False
Q9NYR9,,missing_pdb,False
Q9NYV6,,missing_pdb,False
Q9NYZ3,,missing_pdb,False
Q9NZ63,/data/ranran/my_ptm/croton/data/structure_pipeline/pdb/Q9NZ63.pdb,exact_sequence_match,True
Q9NZ71-2,,missing_pdb,False
Q9NZC9,,missing_pdb,False
Q9NZT2,,missing_pdb,False
Q9NZZ3,/data/ranran/my_ptm/croton/data/structure_pipeline/pdb/Q9NZZ3.pdb,exact_sequence_match,True
Q9P013,/data/ranran/my_ptm/croton/data/structure_pipeline/pdb/Q9P013.pdb,exact_sequence_match,True
Q9P016,/data/ranran/my_ptm/croton/data/structure_pipeline/pdb/Q9P016.pdb,exact_sequence_match,True
Q9P021,/data/ranran/my_ptm/croton/data/structure_pipeline/pdb/Q9P021.pdb,exact_sequence_match,True
Q9P031,,missing_pdb,False
Q9P032,,missing_pdb,False
Q9P1Z0,,missing_pdb,False
Q9P258,/data/ranran/my_ptm/croton/data/structure_pipeline/pdb/Q9P258.pdb,exact_sequence_match,True
Q9P2D1,,missing_pdb,False
Q9P2K3-3,,missing_pdb,False
Q9P2N5,/data/ranran/my_ptm/croton/data/structure_pipeline/pdb/Q9P2N5.pdb,exact_sequence_match,True
Q9P2R7,/data/ranran/my_ptm/croton/data/structure_pipeline/pdb/Q9P2R7.pdb,exact_sequence_match,True
Q9P2T1-2,,missing_pdb,False
Q9UBB5,/data/ranran/my_ptm/croton/data/structure_pipeline/pdb/Q9UBB5.pdb,exact_sequence_match,True
Q9UBB9,/data/ranran/my_ptm/croton/data/structure_pipeline/pdb/Q9UBB9.pdb,exact_sequence_match,True
Q9UBD5-2,,missing_pdb,False
Q9UBE0,/data/ranran/my_ptm/croton/data/structure_pipeline/pdb/Q9UBE0.pdb,exact_sequence_match,True
Q9UBP6,,missing_pdb,False
Q9UBU8,/data/ranran/my_ptm/croton/data/structure_pipeline/pdb/Q9UBU8.pdb,exact_sequence_match,True
Q9UBW7-2,,missing_pdb,False
Q9UBW8,/data/ranran/my_ptm/croton/data/structure_pipeline/pdb/Q9UBW8.pdb,exact_sequence_match,True
Q9UEE9,/data/ranran/my_ptm/croton/data/structure_pipeline/pdb/Q9UEE9.pdb,exact_sequence_match,True
Q9UER7,/data/ranran/my_ptm/croton/data/structure_pipeline/pdb/Q9UER7.pdb,exact_sequence_match,True
Q9UFN0,,missing_pdb,False
Q9UGI0,,missing_pdb,False
Q9UGI8,/data/ranran/my_ptm/croton/data/structure_pipeline/pdb/Q9UGI8.pdb,exact_sequence_match,True
Q9UGP8,/data/ranran/my_ptm/croton/data/structure_pipeline/pdb/Q9UGP8.pdb,exact_sequence_match,True
Q9UGU0,,missing_pdb,False
Q9UHB6-4,,missing_pdb,False
Q9UHB7,,missing_pdb,False
Q9UHD8,/data/ranran/my_ptm/croton/data/structure_pipeline/pdb/Q9UHD8.pdb,exact_sequence_match,True
Q9UHF7-2,,missing_pdb,False
Q9UHJ3,,missing_pdb,False
Q9UHK0,,missing_pdb,False
Q9UHR5,,missing_pdb,False
Q9UHV9,/data/ranran/my_ptm/croton/data/structure_pipeline/pdb/Q9UHV9.pdb,exact_sequence_match,True
Q9UHX1,,missing_pdb,False
Q9UID6,,missing_pdb,False
Q9UIF9,,missing_pdb,False
Q9UIG0,/data/ranran/my_ptm/croton/data/structure_pipeline/pdb/Q9UIG0.pdb,exact_sequence_match,True
Q9UII2,/data/ranran/my_ptm/croton/data/structure_pipeline/pdb/Q9UII2.pdb,exact_sequence_match,True
Q9UIS9-12,,missing_pdb,False
Q9UJA5,/data/ranran/my_ptm/croton/data/structure_pipeline/pdb/Q9UJA5.pdb,exact_sequence_match,True
Q9UJU6-3,,missing_pdb,False
Q9UJV9,/data/ranran/my_ptm/croton/data/structure_pipeline/pdb/Q9UJV9.pdb,exact_sequence_match,True
Q9UJZ1,/data/ranran/my_ptm/croton/data/structure_pipeline/pdb/Q9UJZ1.pdb,exact_sequence_match,True
Q9UK59,/data/ranran/my_ptm/croton/data/structure_pipeline/pdb/Q9UK59.pdb,exact_sequence_match,True
Q9UK61,/data/ranran/my_ptm/croton/data/structure_pipeline/pdb/Q9UK61.pdb,exact_sequence_match,True
Q9UK76-2,,missing_pdb,False
Q9UKD2,/data/ranran/my_ptm/croton/data/structure_pipeline/pdb/Q9UKD2.pdb,exact_sequence_match,True
Q9UKF6,,missing_pdb,False
Q9UKJ3,,missing_pdb,False
Q9UKL0,,missing_pdb,False
Q9UKM9,,missing_pdb,False
Q9UKN8,/data/ranran/my_ptm/croton/data/structure_pipeline/pdb/Q9UKN8.pdb,exact_sequence_match,True
Q9UKV3,/data/ranran/my_ptm/croton/data/structure_pipeline/pdb/Q9UKV3.pdb,exact_sequence_match,True
Q9UKX7,/data/ranran/my_ptm/croton/data/structure_pipeline/pdb/Q9UKX7.pdb,exact_sequence_match,True
Q9UKY7,/data/ranran/my_ptm/croton/data/structure_pipeline/pdb/Q9UKY7.pdb,exact_sequence_match,True
Q9ULD9,/data/ranran/my_ptm/croton/data/structure_pipeline/pdb/Q9ULD9.pdb,exact_sequence_match,True
Q9ULM3,,missing_pdb,False
Q9ULP9,,missing_pdb,False
Q9ULU4-19,,missing_pdb,False
Q9ULW0,/data/ranran/my_ptm/croton/data/structure_pipeline/pdb/Q9ULW0.pdb,exact_sequence_match,True
Q9ULW3,,missing_pdb,False
Q9ULX6,/data/ranran/my_ptm/croton/data/structure_pipeline/pdb/Q9ULX6.pdb,exact_sequence_match,True
Q9UM54,,missing_pdb,False
Q9UMN6,,missing_pdb,False
Q9UMY1,/data/ranran/my_ptm/croton/data/structure_pipeline/pdb/Q9UMY1.pdb,exact_sequence_match,True
Q9UNF1,,missing_pdb,False
Q9UNH7,/data/ranran/my_ptm/croton/data/structure_pipeline/pdb/Q9UNH7.pdb,exact_sequence_match,True
Q9UNQ2,/data/ranran/my_ptm/croton/data/structure_pipeline/pdb/Q9UNQ2.pdb,exact_sequence_match,True
Q9UNS1,,missing_pdb,False
Q9UNZ2-5,,missing_pdb,False
Q9UNZ5,/data/ranran/my_ptm/croton/data/structure_pipeline/pdb/Q9UNZ5.pdb,exact_sequence_match,True
Q9UPN4,/data/ranran/my_ptm/croton/data/structure_pipeline/pdb/Q9UPN4.pdb,exact_sequence_match,True
Q9UPN9,/data/ranran/my_ptm/croton/data/structure_pipeline/pdb/Q9UPN9.pdb,exact_sequence_match,True
Q9UPT8,,missing_pdb,False
Q9UPT9,/data/ranran/my_ptm/croton/data/structure_pipeline/pdb/Q9UPT9.pdb,exact_sequence_match,True
Q9UPW6,,missing_pdb,False
Q9UPY8,,missing_pdb,False
Q9UQ35,,missing_pdb,False
Q9UQ80,/data/ranran/my_ptm/croton/data/structure_pipeline/pdb/Q9UQ80.pdb,exact_sequence_match,True
Q9UQE7,/data/ranran/my_ptm/croton/data/structure_pipeline/pdb/Q9UQE7.pdb,exact_sequence_match,True
Q9UQR0,,missing_pdb,False
Q9UQR1,,missing_pdb,False
Q9Y232,,missing_pdb,False
Q9Y237-2,,missing_pdb,False
Q9Y242,,missing_pdb,False
Q9Y266,/data/ranran/my_ptm/croton/data/structure_pipeline/pdb/Q9Y266.pdb,exact_sequence_match,True
Q9Y2A7-2,,missing_pdb,False
Q9Y2H0,,missing_pdb,False
Q9Y2H1,,missing_pdb,False
Q9Y2L1,/data/ranran/my_ptm/croton/data/structure_pipeline/pdb/Q9Y2L1.pdb,exact_sequence_match,True
Q9Y2Q9,/data/ranran/my_ptm/croton/data/structure_pipeline/pdb/Q9Y2Q9.pdb,exact_sequence_match,True
Q9Y2R4,,missing_pdb,False
Q9Y2S6,,missing_pdb,False
Q9Y2U8,,missing_pdb,False
Q9Y2V2,/data/ranran/my_ptm/croton/data/structure_pipeline/pdb/Q9Y2V2.pdb,exact_sequence_match,True
Q9Y2W1,/data/ranran/my_ptm/croton/data/structure_pipeline/pdb/Q9Y2W1.pdb,exact_sequence_match,True
Q9Y2W2,/data/ranran/my_ptm/croton/data/structure_pipeline/pdb/Q9Y2W2.pdb,exact_sequence_match,True
Q9Y2X9,,missing_pdb,False
Q9Y305-4,,missing_pdb,False
Q9Y314,/data/ranran/my_ptm/croton/data/structure_pipeline/pdb/Q9Y314.pdb,exact_sequence_match,True
Q9Y371-2,,missing_pdb,False
Q9Y3A2,/data/ranran/my_ptm/croton/data/structure_pipeline/pdb/Q9Y3A2.pdb,exact_sequence_match,True
Q9Y3B8,/data/ranran/my_ptm/croton/data/structure_pipeline/pdb/Q9Y3B8.pdb,exact_sequence_match,True
Q9Y3B9,/data/ranran/my_ptm/croton/data/structure_pipeline/pdb/Q9Y3B9.pdb,exact_sequence_match,True
Q9Y3M8,,missing_pdb,False
Q9Y3U8,/data/ranran/my_ptm/croton/data/structure_pipeline/pdb/Q9Y3U8.pdb,exact_sequence_match,True
Q9Y3Y2-3,,missing_pdb,False
Q9Y3Z3,/data/ranran/my_ptm/croton/data/structure_pipeline/pdb/Q9Y3Z3.pdb,exact_sequence_match,True
Q9Y490,,missing_pdb,False
Q9Y4A5,,missing_pdb,False
Q9Y4B6,,missing_pdb,False
Q9Y4W6,/data/ranran/my_ptm/croton/data/structure_pipeline/pdb/Q9Y4W6.pdb,exact_sequence_match,True
Q9Y508,/data/ranran/my_ptm/croton/data/structure_pipeline/pdb/Q9Y508.pdb,exact_sequence_match,True
Q9Y520-7,,missing_pdb,False
Q9Y570-4,,missing_pdb,False
Q9Y5B0,,missing_pdb,False
Q9Y5B9,/data/ranran/my_ptm/croton/data/structure_pipeline/pdb/Q9Y5B9.pdb,exact_sequence_match,True
Q9Y5J1,/data/ranran/my_ptm/croton/data/structure_pipeline/pdb/Q9Y5J1.pdb,exact_sequence_match,True
Q9Y5Q8-3,,missing_pdb,False
Q9Y5U2,,missing_pdb,False
Q9Y5V0,/data/ranran/my_ptm/croton/data/structure_pipeline/pdb/Q9Y5V0.pdb,exact_sequence_match,True
Q9Y5V3-2,,missing_pdb,False
Q9Y5X1,,missing_pdb,False
Q9Y606,/data/ranran/my_ptm/croton/data/structure_pipeline/pdb/Q9Y606.pdb,exact_sequence_match,True
Q9Y618,,missing_pdb,False
Q9Y657,,missing_pdb,False
Q9Y6A4,,missing_pdb,False
Q9Y6J9,,missing_pdb,False
Q9Y6X4,,missing_pdb,False
Q9Y6X9,/data/ranran/my_ptm/croton/data/structure_pipeline/pdb/Q9Y6X9.pdb,exact_sequence_match,True
